x,y,cohort,time
0.128125087148224,0.050509726317217084,0,0
0.1251408586905017,0.04609976789014048,0,1
0.12668856124716144,0.04950476952392035,0,2
0.12319249766060833,0.04656476634749862,0,3
0.12219650791980236,0.04662061641299723,0,4
0.12218310749614025,0.048839792419564806,0,5
0.121230222724361,0.050289876852607225,0,6
0.12188898403348107,0.05105438691778734,0,7
0.11856420821474156,0.04822253223533077,0,8
0.11337227105687825,0.04356989109428717,0,9
0.1050619326606127,0.0344584055470392,0,10
0.09258840196502237,0.0064490795556957714,0,11
0.09091207349707592,0.0007135938581836872,0,12
0.07498276096768747,-0.01728655401318156,0,13
0.0553637167971757,-0.03271562794512208,0,14
0.0600718004212732,-0.02950023957256762,0,15
0.1195545186022933,0.020141139800703926,0,16
0.1257862004051714,0.022882762028406757,0,17
0.12888181055637746,0.02445880351334483,0,18
0.12691450303629415,0.02455497367720845,0,19
0.1210158690169111,0.02293769653350604,0,20
0.11643472676649401,0.021129825832649475,0,21
0.10889570860787898,0.010999530462343319,0,22
0.09923811122236958,0.003150092978831178,0,23
0.09253327246005634,-0.003019330726902003,0,24
0.08615179873589109,-0.008684276232479474,0,25
0.08226940738137048,-0.011922408999835758,0,26
0.06846688183568972,-0.02332123031566288,0,27
0.07800957042635734,-0.014903136416220894,0,28
0.10581658947663951,0.013481261680129602,0,29
0.1210315272993849,0.01971171160616393,0,30
0.11914347321896325,0.018672657568324008,0,31
0.11998394539012733,0.01904549208034192,0,32
0.11064620348025743,0.015572874159336458,0,33
0.11282943809616258,0.016400554384055185,0,34
0.10587664298764826,0.01296801032309264,0,35
0.08731304942440046,-0.00439129212206964,0,36
0.06523806444774832,-0.025300878445511054,0,37
0.059843271373825224,-0.028976296166991364,0,38
0.05752712406379857,-0.030592006745723203,0,39
0.052774906171357265,-0.033434266777326895,0,40
0.03747852928022488,-0.0396160468490917,0,41
0.01986587454192115,-0.03865717710283673,0,42
0.011868038322933198,-0.03588812298455889,0,43
0.010203477044226798,-0.037258338338205035,0,44
0.0020012152340574394,-0.04049876727288215,0,45
0.011330267281462261,-0.0425004706507733,0,46
0.007181191746279692,-0.044250200901516185,0,47
0.01410321057307173,-0.042826857196475214,0,48
0.013536513659462273,-0.04401300908485304,0,49
0.02242180640532794,-0.043846069645762986,0,50
0.01830541326010442,-0.042524111311014016,0,51
0.01053913109432872,-0.03725917983201243,0,52
-0.00022958318960006978,-0.026472378187106824,0,53
-0.0007903125055848791,-0.021229324301861318,0,54
-0.001398818020195933,-0.021139111081994174,0,55
-0.0022883312818536613,-0.01966834607852471,0,56
-0.009788688777812742,-0.018753226970633894,0,57
-0.011935662573899315,-0.013139139052831978,0,58
-0.019562963624115057,-0.01541450114914677,0,59
-0.022210074892127417,-0.019734761035636064,0,60
-0.029691126907318535,-0.020297059447475795,0,61
-0.03576581793988455,-0.020756791752040926,0,62
-0.03834372703666705,-0.02729582529480868,0,63
-0.03623959036213923,-0.03512766048478981,0,64
-0.0061092118882349195,-0.039051056686584,0,65
-0.00426931867390511,-0.033892993426248734,0,66
-0.004750307026010967,-0.025163543264011812,0,67
-0.029588558061453784,-0.01847294070618186,0,68
-0.0399329782326279,-0.010017770851154363,0,69
-0.03419103904270705,-0.032961741327262845,0,70
-0.03004238890767434,-0.03717125799080449,0,71
-0.024717987987353186,-0.0408184691288792,0,72
-0.010623811826302294,-0.045647513721714245,0,73
-0.022358123463699437,0.09198416157573332,0,74
-0.02337116350446417,0.09133847141764384,0,75
-0.023469603715016392,0.09304587564143703,0,76
-0.03193208275586229,-0.03664907540932429,0,77
-0.025242923172515933,-0.01980922321396028,0,78
-0.018816821378924143,-0.02254100272361644,0,79
-0.01041727401866775,-0.030488959524116357,0,80
-0.013812094318646419,-0.021739674216576514,0,81
-0.01945524327082677,0.001610022279460016,0,82
-0.015408314971601585,-0.00518509241638257,0,83
-0.016858233436791662,-0.03457459799859208,0,84
-0.022791695312846732,0.07403524344482858,0,85
-0.023467673074700098,0.09138786575824741,0,86
-0.02351636987430628,0.09350543187298628,0,87
-0.01350550101271761,-0.04697217213667675,0,88
0.006955224725589878,-0.048720254740489743,0,89
0.002606154538389193,-0.04129969350434328,0,90
0.005668624986814173,-0.04186344110781223,0,91
0.002822956361683973,-0.0404139533128615,0,92
-0.00533595031119251,-0.039057145671022926,0,93
-0.006889489752302616,-0.034059258343619794,0,94
-0.007222998408593316,-0.01924165009743562,0,95
-0.00981227811954135,-0.01246847673022866,0,96
-0.005906193368120071,-0.012805814102777424,0,97
0.0011146646429997162,-0.017637336398236055,0,98
0.00556357384635506,-0.024260680810146668,0,99
0.0008812584982739331,-0.016773236304579955,0,100
-0.010025648204091138,-0.01240012048867285,0,101
-0.009611154212847672,-0.008941122393639703,0,102
-0.048705877435208635,0.014073516961309184,0,103
-0.04837216035639607,0.012901777479408957,0,104
-0.048990790584968635,0.015062374622743848,0,105
-0.05175504735688344,0.0136072936310729,0,106
-0.04668442408047349,0.00841837879780858,0,107
-0.03052556725993702,-0.03542553359250102,0,108
-0.02335705260731489,-0.03685429738947747,0,109
-0.013326233270993002,-0.03868189327892357,0,110
-0.019473201087445453,-0.037552316020874575,0,111
-0.03658321452418586,-0.0316024650428763,0,112
-0.04835654641733802,-0.022216740990453277,0,113
-0.05094277813565119,-0.018648186413659666,0,114
-0.05074665840272031,-0.018286519249992625,0,115
-0.044144299737282705,-0.021942275558308875,0,116
-0.0400915252298746,-0.027676064467551206,0,117
-0.04182670526768028,-0.022475664999256826,0,118
-0.04107019165336484,-0.022461400531160663,0,119
-0.03838413624832801,-0.024367978488632605,0,120
-0.03496692436513098,-0.024695826388019457,0,121
-0.03546117684539491,-0.024269131112520752,0,122
-0.038058928546474476,-0.021830196187228472,0,123
-0.020093739463673863,0.005360952973476044,0,124
-0.021416549937868398,0.006566364651274754,0,125
-0.023165118500274272,0.007526858138522548,0,126
-0.029008921936322044,0.004888609522596601,0,127
-0.0654130564949095,0.00407156141341198,0,128
-0.0772267311576527,0.02233182849413744,0,129
-0.05991251625987596,-0.010074079978979255,0,130
-0.06087900978106638,-0.008997582650883273,0,131
-0.05770162633399875,-0.01179547985353862,0,132
-0.05591445329597125,-0.013534780884508341,0,133
-0.05411337352619864,-0.016248099770929593,0,134
-0.06021050884050448,-0.009001296826360722,0,135
-0.06347930252655985,-0.005544625289632661,0,136
-0.06944928105703345,0.0023777683693399156,0,137
-0.0726960218732208,0.008417480544561078,0,138
-0.07999976582554787,0.024092285456180886,0,139
-0.08494908854183106,0.03233330554424116,0,140
-0.08602064837720838,0.032576253902119746,0,141
-0.08273389909772069,0.02596655997087141,0,142
-0.08888315868656296,0.03598223438252872,0,143
-0.09576308998987343,0.04989449447389184,0,144
-0.10104345746829053,0.05917182015104799,0,145
-0.10098098262040263,0.05937734523079911,0,146
-0.09935399517425272,0.05655546743789312,0,147
-0.09671252252609504,0.05245988998222955,0,148
-0.08824035030765688,0.0381090949108104,0,149
-0.08191328905449471,0.029796610032412484,0,150
-0.08361897542638598,0.032514554861078855,0,151
-0.08940738678418816,0.04247527484899377,0,152
-0.09526740939297566,0.0511655204605852,0,153
-0.10040269534215038,0.059582558670931485,0,154
-0.10364038694068602,0.06467476193871838,0,155
-0.10524163315046058,0.06721365199440948,0,156
-0.10293287581006008,0.06354598096634267,0,157
-0.08741442296590661,0.03774078890604901,0,158
-0.08101901735888818,0.02108253964048949,0,159
-0.06844690337216067,-0.0003316987526827794,0,160
0.069650906870363,-0.0024361221830113177,1,0
0.10265217849423852,0.02483207568973181,1,1
0.11558617836938254,0.03187726273813858,1,2
0.13401225917718468,0.046563815107675106,1,3
0.13583330804787025,0.04741552064093842,1,4
0.13934398770347606,0.05061638788384684,1,5
0.13882435573902982,0.04862203888562254,1,6
0.13855546044355618,0.049071220301924796,1,7
0.1303877095161409,0.03871981753057283,1,8
0.11798620926184548,0.024843471966491566,1,9
0.13010518602551732,0.03217708858864603,1,10
0.12717440169463365,0.028779288795252322,1,11
0.13374644215155654,0.03410666948472717,1,12
0.13217457550731723,0.03256623853804519,1,13
0.12500016962533075,0.0260447037519347,1,14
0.06089842765465846,-0.0259277053641217,1,15
0.05116983940639472,-0.027402218618696583,1,16
0.04738779766292939,-0.028208378191675598,1,17
0.050804328657811725,-0.026400132562927007,1,18
0.05479573323596938,-0.026886486716337372,1,19
0.06404853766115377,-0.02153544989641524,1,20
0.07271860280855567,-0.013049174263483928,1,21
0.07280363720802982,-0.007732043385497041,1,22
0.0766012210219842,0.0018712766929694265,1,23
0.07579925051019883,-0.005025021250325082,1,24
0.08309549147905589,0.011463850653743963,1,25
0.0892665758364497,0.012828061492170086,1,26
0.0976531432455165,0.01814366949167583,1,27
0.07901319580921659,-0.0020683971356681694,1,28
0.06878360593636589,-0.008365884955269381,1,29
0.07098581332060121,-0.008475629337143287,1,30
0.06993964432337968,-0.00915645271602252,1,31
0.073245107209431,-0.01181394165353185,1,32
0.06416438431669838,-0.026597226645477874,1,33
0.05993884786504769,-0.03303453083167592,1,34
0.05861123057845303,-0.037925924604661015,1,35
0.04862517585053593,-0.05188356031179517,1,36
0.035763257878194475,-0.05593146989352745,1,37
0.043853946591664875,-0.0605204854804922,1,38
0.046629678495969266,-0.06390220344480983,1,39
0.04842857760248712,-0.062317789789165544,1,40
0.04712098479465015,-0.06341472147256666,1,41
0.052439219540900674,-0.030291009032354297,1,42
0.053154222671101724,-0.03787702212991852,1,43
0.05394431248815018,-0.038425252351286465,1,44
0.05948842629613958,-0.033308669724847646,1,45
0.06179983024733842,-0.014037343518931608,1,46
0.06034906167961383,-0.0066481218826391995,1,47
0.054659213168343206,0.003940631612282131,1,48
0.04898682116332646,0.013418865792552605,1,49
0.04568039365169397,0.017119276459733945,1,50
0.04577603759381005,0.018182244882524148,1,51
0.04222477817593753,0.02084446047699326,1,52
0.0448369378810985,-0.0049863423127991,1,53
0.03224061412100379,-0.04323247083511072,1,54
0.010942914049518443,-0.04676014127448649,1,55
0.014899554792776073,-0.050428049798330814,1,56
0.023592073722559132,-0.05337432598532933,1,57
0.03883457429773916,-0.05773019804329159,1,58
0.045246312073431195,-0.045833372772652016,1,59
0.05381005381121084,-0.03984551960943259,1,60
0.057126422465795225,-0.03857316566147977,1,61
0.061358161765852785,-0.031870269867546965,1,62
0.06359004740884153,-0.015550538386458864,1,63
0.054897626481053216,-0.008637299238638504,1,64
0.007304842058964686,0.005499013400931056,1,65
-0.009905051544736256,0.0093179167525971,1,66
-0.02047906726493986,0.012448529943368137,1,67
-0.01754628271669891,0.017686094954321,1,68
-0.02541678562081836,0.020202892730304477,1,69
-0.019335492011437173,0.02483338055656043,1,70
-0.015486817268395427,0.025364606297277086,1,71
0.0016720229658980562,0.027481244948626048,1,72
0.01255064796930151,0.02749130850407678,1,73
0.02549208505351855,0.023288106218937524,1,74
0.025020538742534675,0.02592503754181089,1,75
0.03650625912197444,0.020244525336195116,1,76
0.030637753425939995,0.028708292314653196,1,77
0.03046342955915209,0.02988226872513585,1,78
0.026940122813326303,0.02963494014214017,1,79
0.021399226001196328,0.024117021234589475,1,80
0.003953765436105165,-0.0028746885803375764,1,81
0.009099935292517427,-0.015448768936149618,1,82
0.006224015995923025,-0.014592343807503136,1,83
-0.0024759072301976676,-0.010096841195434525,1,84
0.015900685069135292,0.027430100302882163,1,85
0.02491876605789438,0.029070557783191075,1,86
0.03136086200545194,0.03473168380297858,1,87
0.0322694363653872,0.03554148412239051,1,88
0.032093236066440455,0.03505165381413096,1,89
0.012517923233189433,0.020142748124328935,1,90
-0.0007673937516118738,0.006444637071787996,1,91
-0.020547257677809235,-0.004755454861904991,1,92
-0.03995565939184824,-0.010100651142945638,1,93
-0.07726859172985598,-0.00807596275302834,1,94
-0.11174909791931921,0.008067961242515666,1,95
-0.10029478094136023,0.0058981868870322165,1,96
-0.07175773860924993,0.004508680858300567,1,97
-0.04593251848204972,0.01915908522342035,1,98
-0.03850227274559268,0.023958511367006743,1,99
-0.05830460840040513,0.01950972390552802,1,100
-0.08218718407040898,0.015277805428183862,1,101
-0.09789941627335018,0.009592763214501346,1,102
-0.10121273533128823,0.016225442976794374,1,103
-0.10326713488760526,0.016100819346072034,1,104
-0.1089695094810811,0.019058276981452797,1,105
-0.11516463738816772,0.019696315548063503,1,106
-0.11536716733856622,0.01915933147245227,1,107
-0.10800543683888662,0.018866433169728077,1,108
-0.07397887513468608,0.01026455524316656,1,109
-0.07719303173392116,0.014634091182459777,1,110
-0.05772674221410682,0.009097744539920438,1,111
-0.06829580974718966,0.011423440284363148,1,112
-0.06954678024754295,0.010525071895221576,1,113
-0.06254780145300785,0.009863551876669714,1,114
-0.035730542265276936,-0.012192893438439597,1,115
-0.04031112097587877,-0.015540685583708469,1,116
-0.03672567142858661,-0.020180491969711237,1,117
-0.04185603696215578,-0.022785396982956344,1,118
-0.037962107069125436,-0.018857464284020017,1,119
-0.02813809945294447,-0.006771504661482952,1,120
-0.03371803190389452,0.009862445383705707,1,121
-0.026413984507604658,0.020579890045593643,1,122
-0.030127716708437162,0.02244655789607133,1,123
-0.030879506824679125,0.023151780381368628,1,124
-0.03150367662827078,0.022172377405316496,1,125
-0.03151122686397849,0.02332412511458642,1,126
-0.034208801825493705,0.023205182417126158,1,127
-0.049039662925179944,0.01941138098974733,1,128
-0.0633642917617167,-0.011170914824251178,1,129
-0.04417329620011069,-0.025167831491571986,1,130
-0.03788163638816962,-0.03003008363667921,1,131
-0.040826488945295544,-0.02689485126101193,1,132
-0.05548655616726625,-0.01790082776010352,1,133
-0.059674373629609756,-0.010463953719946148,1,134
-0.059400606057886864,-0.011233607702937224,1,135
-0.06587039886792825,-0.011708948190708722,1,136
-0.06841395300342969,-0.010987484623125522,1,137
-0.07237698003020102,-0.009268685899739863,1,138
-0.07197036861403232,-0.010600885892341032,1,139
-0.07767731928161055,-0.012837163543182126,1,140
-0.08086476970988575,-0.012728481025977931,1,141
-0.08365921111176532,-0.013956455148687881,1,142
-0.08555514007579625,-0.012080644007600675,1,143
-0.07972655776049244,-0.01586832712582455,1,144
-0.09434506178835217,-0.009815177128823087,1,145
-0.0993470586727543,-0.004169063021894831,1,146
-0.10024569061004145,-0.004080868195524716,1,147
-0.09801966926645048,-0.0065533713276084175,1,148
-0.08773553372295595,-0.007956011959284888,1,149
-0.0828872244270693,0.0009265570914699524,1,150
-0.07994057960052443,0.0065785116944020216,1,151
-0.07994905584747135,0.007000123595635903,1,152
-0.07916351536309343,0.007720877744997083,1,153
-0.11735376165286442,0.012273476449827897,1,154
-0.11437316931737392,0.010680481195518565,1,155
-0.11192116030932293,0.009145957238714128,1,156
-0.10268432523881225,0.0036393104864221636,1,157
-0.11807461179509009,0.01315635222478747,1,158
-0.11773923238495056,0.011990447151269425,1,159
-0.1134671589799677,0.012427239583459223,1,160
-0.06418084500300418,-0.016182954449102192,2,0
-0.11603736499618386,-0.008194710408878526,2,1
-0.11527824176490327,-0.0072915624087347575,2,2
-0.11533294522677044,-0.011413093031322387,2,3
-0.11185821266666329,-0.0094073299670831,2,4
-0.10154552445216475,-0.015734107852095447,2,5
-0.09443770448888186,-0.0012743575964336198,2,6
-0.09372438822951261,-0.00012685099931454634,2,7
-0.041405578639543784,-0.0056226836930479964,2,8
-0.03941646873393481,-0.008001767203959764,2,9
-0.11089752871766209,0.0034717456498978435,2,10
-0.11306262172177563,-0.000983790088989631,2,11
-0.11490141567043367,-0.0017896240095889074,2,12
-0.09467060864846812,0.012929223875342595,2,13
-0.09237610508229954,0.009187502503021068,2,14
-0.0874206431337133,0.013465515678349234,2,15
-0.10555992065464738,0.009544056623674132,2,16
-0.060354627747289745,0.028488314974816627,2,17
-0.0593629504741613,0.024957165172613104,2,18
-0.05484262673016688,0.01294240251437623,2,19
-0.09598273991541947,0.007585598372230511,2,20
-0.10778725177382088,0.006258774941776602,2,21
-0.11041201240947467,0.006027915134064372,2,22
-0.11136443696363856,-0.000509723830105852,2,23
-0.11435922141249548,-2.420298979396485e-05,2,24
-0.11228804076711087,0.002041238478980001,2,25
-0.09761695243173187,0.00272928713982894,2,26
-0.09885035198527611,0.01340825434598777,2,27
-0.09578017676084973,0.014717961377553733,2,28
-0.05458665319939907,0.02408522148072759,2,29
-0.05649421265397707,0.032255759811752424,2,30
-0.055377768881013305,0.0343916191799476,2,31
-0.05896057301268321,0.03451861326010203,2,32
-0.027986312429091244,0.04677854475498185,2,33
-0.012582847708111883,0.048293378332322105,2,34
-0.0010604251256263685,0.06890947132740381,2,35
0.031660419337082316,0.1342846349258727,2,36
0.031161147578761844,0.13514272726041546,2,37
0.029875745383042395,0.1302675067855574,2,38
0.024007376303266305,0.11700372719562907,2,39
0.02944867466624541,0.1259292963246591,2,40
0.028888234555379047,0.11091644803224855,2,41
0.027725182586809085,0.06886799643159834,2,42
0.02351386364124788,0.09514857884326136,2,43
0.028558665134156853,0.11686253198519135,2,44
0.0309950468908508,0.12958210883592258,2,45
0.028033207305272673,0.1141551090634124,2,46
0.0219219027549388,0.07901831739203993,2,47
0.015091566690899687,0.07029871035269998,2,48
0.019882322559363046,0.06761800759355174,2,49
0.01288686245690917,0.06068517133199796,2,50
0.02520999016198581,0.05339357421155666,2,51
0.024325321095848954,0.026674571624945357,2,52
0.11657630520214529,-0.013863640544377543,2,53
0.11620572716911984,-0.01322672082668712,2,54
0.11977407302647078,-0.026372875417803296,2,55
0.11351281924242547,-0.03365657293791153,2,56
0.11074525272177212,-0.035671306147139516,2,57
0.10018701221818584,-0.03790732441189294,2,58
0.1025343045227898,-0.03645869224076542,2,59
0.10110160102384409,-0.028626234728167173,2,60
0.09403887462664565,-0.038116054597304605,2,61
0.08112935042636601,-0.04387094779646738,2,62
0.06042862852987895,-0.046749981231626256,2,63
0.0348804524443254,-0.04239606584544616,2,64
0.014535454919733504,-0.032560082826520356,2,65
0.0105116835257019,-0.03888993359021261,2,66
0.02465138102692566,-0.04009492893323313,2,67
-0.0008829346692988397,-0.03283889927767744,2,68
-0.03679393465340749,-0.011691605789999355,2,69
-0.05450365149679935,-0.002450632739352266,2,70
-0.030742585531301096,-0.011618482877052095,2,71
-0.00427307484244074,-0.03480641966277874,2,72
0.002625240209453214,-0.03926475680831388,2,73
0.004045998983290331,-0.04141773654318812,2,74
0.011723039881068044,-0.04252479226176874,2,75
0.03134223968564653,-0.04287913392237047,2,76
0.03172876413907804,-0.03855230752077096,2,77
0.030341191272079508,-0.040371477638900574,2,78
0.022289949288039398,-0.03664879796288186,2,79
-0.0042462866938771885,-0.0357279714012427,2,80
-0.012643811472055974,-0.038943750491395424,2,81
-0.027114384357860705,-0.04386982798382735,2,82
-0.023379425391907543,-0.04195033490862701,2,83
-0.019313594347595713,-0.03488001280905782,2,84
0.002176508471911283,-0.030949774683596557,2,85
-0.01942516085241829,-0.02338287203321096,2,86
-0.025142735354661466,-0.017412734001477116,2,87
-0.003785520980367008,-0.025429204994348944,2,88
0.00935640639259782,-0.026631856175378277,2,89
0.04537258472517435,-0.04762849657559913,2,90
0.051549483421506115,-0.04841895651730385,2,91
0.05150090963606893,-0.048567001371775324,2,92
0.043276716717852846,-0.04213426769938015,2,93
0.003959212662881435,-0.022449998380565148,2,94
0.013299792933330336,-0.016952043654743107,2,95
0.028094065686677026,-0.019434471469653148,2,96
0.046807058541406134,-0.022888093712903294,2,97
-0.011636991828630955,-0.030041072483762487,2,98
-0.09103144124798518,-0.013537812781822508,2,99
-0.09421738518394294,-0.01310407260769394,2,100
-0.07958627170101464,-0.01827490883510722,2,101
-0.058375086064257294,-0.025695395723202955,2,102
-0.055768175035053026,-0.026054086878451635,2,103
-0.07084038154122149,-0.017327306687466803,2,104
-0.012774836951679006,0.0007630206372350767,2,105
0.0033597065788328333,0.016247255169393827,2,106
0.06669829123416067,0.0212068850984109,2,107
0.04057206502931638,-0.029491662749373995,2,108
0.02774806201178437,-0.036124268898975104,2,109
0.0074567584262391975,-0.031818330048650055,2,110
-0.006468797043540741,-0.028615406726761664,2,111
-0.02735312250239701,-0.04147949832718176,2,112
-0.0323022868108945,-0.043846653151552985,2,113
-0.03701915052240709,-0.04329841924001457,2,114
-0.027529239476878322,-0.04104783058288715,2,115
-0.016898902808495816,-0.02670319718360184,2,116
-0.022827507723067526,-0.01408224874840658,2,117
-0.014161514625104371,0.0010219642133318919,2,118
-0.021500489934375956,0.014402538713386702,2,119
-0.037979681959852594,0.011168674715681816,2,120
-0.04089625040353693,0.009923620133216005,2,121
-0.0324184155254364,0.008984077034318147,2,122
-0.014679469422927117,0.0009132795710803609,2,123
-0.010041181744903597,-0.002151546360948554,2,124
-0.005969473429572868,-0.011774178377086308,2,125
-0.010283681320312965,-0.024610185587097624,2,126
0.005647062601582323,-0.01564242884453158,2,127
0.059630272981031004,-0.014016822134449658,2,128
0.08849060801165415,-0.009559295305525958,2,129
0.06103236795192822,-0.01133109848250777,2,130
0.03650983175851843,-0.0067076684855389606,2,131
0.0014623644824228136,0.001123030004629607,2,132
0.018052043955693958,-0.0048972111407089534,2,133
-0.007736842302343373,0.006980113165548097,2,134
-0.005008827027552373,0.011987442251514682,2,135
0.004372884105394122,0.007538234485933678,2,136
0.10487892981273292,0.005986431990674968,2,137
0.11131128735188964,0.004083834054865471,2,138
0.0951005159626194,0.005433897571775622,2,139
0.0746590799627531,0.01583463684342907,2,140
0.08337883073179353,0.015987952438642233,2,141
0.08578359437630705,0.014664978093673167,2,142
0.09353247440230915,0.00812684319890946,2,143
0.08886837476467253,-0.006441143576609091,2,144
0.061808249005580594,-0.015390233731888766,2,145
0.04206819540097913,-0.023600745796755467,2,146
0.0500827723082657,-0.007794672668240094,2,147
0.07175299232421936,-0.0071355054997646996,2,148
0.11320634209149638,0.0013037123559849681,2,149
0.12127323902687807,-0.00022242026721018264,2,150
0.12026861366692182,0.001979786080705219,2,151
0.11054556320103352,0.0013105150802046235,2,152
0.11360739062460463,0.00024388349138622557,2,153
0.10574700166465387,0.0017112083722387247,2,154
0.09716221690878447,0.0049231059200231485,2,155
0.03851105419943651,0.022863690846889217,2,156
-0.02112444122752336,-0.002736132589626525,2,157
-0.032905263298564094,-0.030350752780632647,2,158
-0.05335525747544054,-0.03866110888529519,2,159
-0.05497288229813728,-0.03825104001091578,2,160
-0.04022190278110555,-0.08770716350182325,3,0
-0.04043855423470065,-0.08571611608166209,3,1
-0.040064875355854526,-0.08667494462967115,3,2
-0.03913703612912455,-0.07854575739137577,3,3
-0.03914296168785731,-0.07741884611783639,3,4
-0.03872078397558937,-0.07037145786181788,3,5
-0.04028314021720876,-0.07039853509916708,3,6
-0.03323732592085808,-0.055968348015103635,3,7
-0.019853257323134182,-0.04037830326898343,3,8
-0.03496050621706309,-0.021293447815656178,3,9
-0.033217589981904896,-0.018669818486302038,3,10
-0.049004734419068254,-0.02354411048146045,3,11
-0.05857548649798261,-0.028886680746078034,3,12
-0.054357201651400004,-0.02694878723189947,3,13
-0.04416129065476272,-0.02076229679787686,3,14
-0.03617822043983148,-0.020361771931213465,3,15
-0.04771477584405797,-0.019250569291107075,3,16
-0.04855085381421613,-0.014976086018789398,3,17
-0.06057284016885393,-0.004826763052908498,3,18
-0.06799090425408097,0.02549416229183739,3,19
-0.036920547604589064,0.03603529344284303,3,20
-0.04847704414008899,0.025983053339282282,3,21
-0.061399590551799214,-0.05001961153061881,3,22
-0.05980041149069945,-0.056007689770541734,3,23
-0.06029436738403483,-0.05877298104491716,3,24
-0.058967418371553074,-0.05700992232108702,3,25
-0.057387524853676916,-0.05037987816730841,3,26
-0.05408311685343703,-0.029553262687511354,3,27
-0.03501235943921859,-0.016904265367839823,3,28
-0.03431060473187308,-0.01702324578220829,3,29
-0.05056520372496405,-0.012571344501225611,3,30
-0.05970897510546591,-0.0108835355604147,3,31
-0.06106297231933063,-0.011571280736934007,3,32
-0.06315904059479847,-0.0030224927870799788,3,33
-0.05559383045680126,0.01620484956284823,3,34
-0.06489027969870602,0.025484255478702866,3,35
-0.06844106118254006,0.025005024676493747,3,36
-0.0710153050674273,0.019543299060163798,3,37
-0.0623473491322922,0.015511669022967443,3,38
-0.06923183087927977,0.008341208538596533,3,39
-0.06997217176903453,0.006579607489950912,3,40
-0.06925130984379783,0.005771839523121318,3,41
-0.06844108623165966,0.015397778033115561,3,42
-0.04582681365256316,0.029560767479147664,3,43
-0.03498915271412885,0.03734687289520821,3,44
-0.030243737215642795,0.039294950435762616,3,45
-0.03183960015939376,0.039557576648326855,3,46
-0.05213061044130091,0.03226472282590975,3,47
-0.06350609379264743,0.026170876976345864,3,48
-0.06393405542947864,0.019911791702657347,3,49
-0.04889601984460115,0.026451430142591253,3,50
-0.0544254337344448,0.020930470046261973,3,51
-0.06211807094878302,0.014204736520192099,3,52
-0.08588928569448692,0.04975561333781132,3,53
-0.09089909319704009,0.059173538623097585,3,54
-0.09086030204484177,0.059207542701660024,3,55
-0.09064857672254256,0.05768620276991873,3,56
-0.0888632464157683,0.05429359414582213,3,57
-0.08614322818674262,0.04585599872341063,3,58
-0.09114786871205405,0.05378171569260634,3,59
-0.09212219435497969,0.05322832115333682,3,60
-0.09243340852487035,0.05255273375879658,3,61
-0.09032356690196346,0.04297144514440004,3,62
-0.05077038988897299,-0.01627035638690973,3,63
-0.007529909503141435,-0.02442718175814008,3,64
-0.009702601104079864,-0.02386891671281005,3,65
-0.011979176762828643,-0.022357521194135383,3,66
-0.029113386253216113,-0.015126339971853073,3,67
-0.04710173752461177,-0.0009939352899762516,3,68
-0.06943763530277691,0.019541815148010646,3,69
-0.08287727623351891,0.042683213570543214,3,70
-0.041486542246629766,0.03271663255415001,3,71
-0.04434036329990314,0.03380153239995811,3,72
-0.04141125202410299,0.03460683128729786,3,73
-0.044863835851639645,0.02830853731696103,3,74
-0.06119712462882796,0.0009793866927811383,3,75
-0.05219629880814399,-0.009932948940178722,3,76
-0.06041486859455428,-0.008769766241728085,3,77
-0.061664538898535626,0.009444753310210071,3,78
-0.05802674878650945,0.019844748266924207,3,79
-0.04645988151113573,0.030069415057057916,3,80
-0.032409882633414544,0.03778075405038425,3,81
-0.0193128891853914,0.03837743664591525,3,82
-0.03235782631557182,0.018857179982077588,3,83
-0.04477200307528677,0.02747383357311759,3,84
-0.039862961983568174,-0.007861534969845034,3,85
-0.036695186734546296,-0.007123335631743974,3,86
-0.03907333820772805,-0.007900838045004525,3,87
-0.03155507165221173,-0.00792619695649413,3,88
-0.03776662285215581,-0.007968804817810059,3,89
-0.028454907887080102,-0.017925055874250473,3,90
-0.026903494473771713,-0.020171467506788467,3,91
-0.017591243679981182,-0.022302890292064316,3,92
-0.013548483594246718,-0.023720123468444758,3,93
-0.03983678598974387,-0.01228001340400642,3,94
-0.018227201832771007,-0.007988213685054906,3,95
-0.02959867450349575,0.0028174941384734565,3,96
-0.029396435235211252,-0.013674057811390947,3,97
-0.01855269854945784,-0.017948734365474495,3,98
0.030117511013040454,-0.03725693706979613,3,99
0.0350337580494564,-0.03857359414664402,3,100
0.036850500577449326,-0.038061702245569276,3,101
0.04784464404513169,-0.03318086682635877,3,102
0.07282535829246434,0.0411992021449875,3,103
0.07502110149099243,0.04396593716783961,3,104
0.07937795511163782,0.04699785783690158,3,105
0.08047624426081713,0.04548934133568973,3,106
0.08072017477896594,0.043235508712048155,3,107
0.07665044190805669,0.03998767765201541,3,108
0.06291116735647227,0.022707345154409156,3,109
0.06527613386852167,-0.032387819119734325,3,110
0.0662458940769193,0.029900050142365502,3,111
0.07776028409513865,0.042202484888490994,3,112
0.0754386438538261,0.040500328229759304,3,113
0.0777162982804188,0.0350402272492496,3,114
0.07942713097590427,0.008631704995409863,3,115
0.09172945259305468,0.018376251219748074,3,116
0.11178306677488999,0.0003859721328853608,3,117
0.1225884078792666,0.008189724973441158,3,118
0.12353327128783581,0.006901167252022134,3,119
0.11797615765658141,0.017205753971468757,3,120
0.09754756054723143,0.016091710203871634,3,121
0.08271785915770775,-0.00030122746615629623,3,122
0.08210017611331512,-0.01891656514343766,3,123
0.02534889557353724,-0.039479518796149075,3,124
0.029985037545395,-0.0380790756029802,3,125
0.024286625039473562,-0.036470198552098716,3,126
0.03467693853059889,-0.03743279366876577,3,127
0.06617262286752588,-0.019446210302106894,3,128
0.08270204020220502,-0.017125961273216857,3,129
0.12326855516455328,0.0036610514376853643,3,130
0.12300724532003723,0.0018422906128895912,3,131
0.11703425516871374,-0.001965777798621828,3,132
0.09399692847004722,-0.01340098755262579,3,133
0.08008931071223922,-0.017651681799311432,3,134
0.062175254300152485,-0.023678868149738016,3,135
0.0548171541963011,-0.028375473707387546,3,136
0.06279207236867276,-0.022299268862328126,3,137
0.07911672037867938,-0.007603230566032243,3,138
0.10073699797738696,0.010303762570400547,3,139
0.0996394282254053,0.01725219087198333,3,140
0.11087745616156354,0.01706891241874994,3,141
0.09996585499532282,0.019649936303040336,3,142
0.10003896040230321,0.01646369459826864,3,143
0.08079522166194213,-0.0062500289888209985,3,144
0.060791530297760014,-0.01730023306140831,3,145
0.07956035419057793,-0.016676595190510738,3,146
0.07673458276826944,-0.013168183383765143,3,147
0.07804295757502216,-0.008687857799801389,3,148
0.08490334534729242,-0.016669623789583057,3,149
0.08587143776804598,-0.016863663549406185,3,150
0.08397185190851808,-0.013163787334857603,3,151
0.08207953823198215,-0.018838209680663083,3,152
0.07557374232422243,-0.01657569615523497,3,153
0.08773045182501293,-0.006677118355329638,3,154
0.12403114605422678,0.017561347362481473,3,155
0.12489291282273318,0.013863383425946538,3,156
0.08318560681429506,0.020691759383931852,3,157
0.06064765576097988,0.03160676767389604,3,158
0.07973317510958258,0.03888929730322769,3,159
0.08150421918708588,0.0427971579388094,3,160
0.16469127839229464,-0.038712990392534036,4,0
0.16739772365180144,-0.040072693065805506,4,1
0.1665810725179994,-0.03962728142138811,4,2
0.1694378683059326,-0.04097297085022674,4,3
0.15937500969380022,-0.033637612924935785,4,4
0.13032272429577987,-0.01174636625798129,4,5
0.11485210529004866,-0.0008923117667489452,4,6
0.12819505184906235,-0.009040066878968602,4,7
0.13024564879495729,-0.010360269815607616,4,8
0.13750651002511433,-0.015374976882695878,4,9
0.14936381589667566,-0.023203677006414423,4,10
0.15443495559070958,-0.026645609085903944,4,11
0.16344613658257723,-0.03307500592761707,4,12
0.16426431841066427,-0.033063544192656905,4,13
0.1649508045841508,-0.034061466211432224,4,14
0.15399674638652136,-0.02548196520188426,4,15
0.10397808917131744,0.010418887173542064,4,16
0.0989299515328583,0.01388911290943754,4,17
0.08393683789056683,0.02282171173322938,4,18
0.08196014605147525,0.022784537008880484,4,19
0.08930195296800718,0.018553272037446715,4,20
0.10752896516839834,0.007934504440400648,4,21
0.12054920078153443,0.00017271820683680217,4,22
0.12207977113491308,-0.000984551869052455,4,23
0.11876280005742927,0.0015411103262807848,4,24
0.13121104835508704,-0.00641648602795317,4,25
0.14559070074474695,-0.018975528387622148,4,26
0.15184770662334954,-0.023925250315550272,4,27
0.13781615449121606,-0.012978003856829939,4,28
0.1167674486161995,0.0024582971646278876,4,29
0.012810802089512139,0.05348425217069033,4,30
0.008773765254334095,0.052935466025198434,4,31
0.01118198809212881,0.054379358203406315,4,32
0.010775817042444038,0.0526424479830347,4,33
0.011648469660883233,0.051431622933905935,4,34
0.010330588817742061,0.04377025684416757,4,35
0.029150261246615176,0.038401246650968335,4,36
0.039422300898778184,0.03798165280740273,4,37
0.03865411848554826,0.0369504535821078,4,38
0.056053690535666174,0.034426046897852405,4,39
0.05606303675097073,0.0335547138725327,4,40
0.06328825043723293,0.029609038711222994,4,41
0.05882333593368012,0.027033836305990124,4,42
0.04186299738988169,0.018967153836097414,4,43
0.029542440219971898,0.012518325457684993,4,44
-0.0050474251240010285,0.03516698932556902,4,45
-0.024801656871076813,0.02670994960748017,4,46
-0.03419094559656832,0.022664991795278863,4,47
0.019280847127456906,0.03574015916458686,4,48
0.027557527047309367,0.03544431406909616,4,49
0.023722988028968384,0.03549194507141688,4,50
0.026571878623418862,0.03663738977287538,4,51
0.023923253757280452,0.037494474503825176,4,52
0.022442922831247537,0.01432380717948939,4,53
0.024252628645491082,0.007507651183525793,4,54
0.015370480132371819,0.0020078061534826684,4,55
-0.007155255792438911,-0.014211467684096799,4,56
-0.042667038642335474,-0.013287573340541163,4,57
-0.028552199455433882,-0.01192863085869262,4,58
-0.03685281946169548,-0.0031077879186761125,4,59
-0.0480743390433504,0.015084286622216846,4,60
-0.04365052371049717,0.01871264273913086,4,61
-0.044484901991084735,0.017887939283857845,4,62
-0.006140644659706941,0.03244855282316506,4,63
-0.0018052081901480132,0.031674811467983996,4,64
0.009409294002265464,0.025892590172021345,4,65
0.0011264749025749197,0.030745836412797337,4,66
-0.008386343182238722,0.03338175196800372,4,67
-0.014164236038460527,0.03420617502164298,4,68
-0.020710401509835188,0.03086432102568566,4,69
-0.015248446274682241,0.033710825984338964,4,70
-0.010863060484710106,0.03310765290247912,4,71
-0.01333543897140209,0.033554337026052726,4,72
-0.01410456436027282,0.03362278659782119,4,73
-0.022530721604277458,0.030835759155980302,4,74
-0.031082151875005747,0.027661720588353436,4,75
-0.03325252890903691,0.02867382891769059,4,76
-0.03565225318824076,0.02932360943318538,4,77
-0.041317617334680576,0.028230126034489742,4,78
-0.04543439705094061,0.02571359564618654,4,79
-0.046272108698704004,0.023366745077914433,4,80
-0.04735756627237981,0.019948156767328893,4,81
-0.042193385202482565,0.012855287257084224,4,82
-0.04753419306706833,0.0051302020246820484,4,83
-0.04673794252743384,0.0031286638913105903,4,84
-0.03902452374282179,0.0024756459682538797,4,85
-0.058908696743292306,0.00041678563254514444,4,86
-0.06186938632125891,-0.002368410575279521,4,87
-0.05938124602625385,-0.002923582737286197,4,88
-0.04645325767230679,-0.0005066691076527943,4,89
-0.050159643354823875,-0.0019807959870901813,4,90
-0.04715716179030072,0.002845114315441954,4,91
-0.041325303128304354,0.001153865001617271,4,92
-0.0407858993454574,0.0009557653743429841,4,93
-0.02479223223077198,-3.557677279824972e-05,4,94
-0.054578848136889485,-0.004052121794071097,4,95
-0.04682283555744244,-0.00170078368749367,4,96
-0.04883091539750942,-0.00021456372977388132,4,97
-0.04319781092559062,0.003763082955434908,4,98
-0.03789256317836925,0.011557920837603732,4,99
-0.038768998514084343,0.019717649535801626,4,100
-0.034400857100250065,0.023833874313383355,4,101
-0.03818301490946692,0.02059497578896578,4,102
-0.04536094190839784,0.009953120148784966,4,103
-0.052530287771022234,0.001808730878112455,4,104
-0.05531633684956677,0.0003885583527543355,4,105
-0.061521011676798125,-0.010769089929459508,4,106
-0.060942573054421405,-0.02227338182981614,4,107
-0.05417528881413686,-0.028600780628472936,4,108
-0.056461368373474284,-0.032102247026418194,4,109
-0.05770970019475321,-0.03269116274142985,4,110
-0.05454188537120293,-0.03205190853202556,4,111
-0.025329945416944697,-0.033201353770369375,4,112
-0.009871263317462383,-0.027404727845424096,4,113
-0.022884198824221616,-0.03280233947899848,4,114
-0.029330323153279683,-0.027506852420613584,4,115
-0.03682531297476101,-0.02056622152482716,4,116
-0.05911806311307587,-0.027210570766500342,4,117
-0.07131131643933517,-0.030122302944967053,4,118
-0.07121080463136023,-0.029278601283019696,4,119
-0.07316607267482728,-0.028088533694736267,4,120
-0.07100685881464573,-0.021966861803348878,4,121
-0.0630095985638389,-0.009594745552113986,4,122
-0.05550912855705459,-0.008912218907704623,4,123
-0.05617870113979411,-0.012073482115209465,4,124
-0.05587133822317991,-0.01029228673242715,4,125
-0.05521236624649863,-0.015995786560670328,4,126
-0.04930159599628828,-0.024979802491554074,4,127
-0.043763573381870716,-0.031195444811240296,4,128
-0.0532272159892734,-0.03282577365528956,4,129
-0.07604470889873009,-0.03218987549544831,4,130
-0.07589696662915069,-0.03345646157130487,4,131
-0.07752902388127692,-0.03153028046585229,4,132
-0.07681126422950839,-0.032972771578597584,4,133
-0.06827964819357824,-0.030520231957981005,4,134
-0.053768884344886275,-0.029788998980797593,4,135
-0.03214686020821875,-0.032320328956386195,4,136
-0.06468347505645056,-0.02637405680866993,4,137
-0.0688870646646562,-0.02419905865538125,4,138
-0.07357233520635804,-0.024017015951442715,4,139
-0.07027079426559475,-0.02439802816581394,4,140
-0.02899938023098266,-0.040241992546711736,4,141
-0.028358886475111755,-0.03825644286191108,4,142
-0.029668087716461244,-0.03836720275078619,4,143
-0.026753747163141484,-0.037477586248534166,4,144
-0.027607535723963555,-0.03891971004382902,4,145
-0.02855448355250315,-0.040785668468939086,4,146
-0.07526246014049037,-0.02083685091692336,4,147
-0.07330682864761388,-0.019506138503652747,4,148
-0.07015056275261816,-0.014248000429045048,4,149
-0.04572464344498379,0.002027720295604796,4,150
-0.05034892506421313,0.0037716207618218598,4,151
-0.050276529669268814,0.005311177211045563,4,152
-0.052002607085859354,0.004112495824591625,4,153
-0.04753021862320412,0.0006158753403161496,4,154
-0.05169788425431721,-0.0068140011523572614,4,155
-0.041730292425060676,-0.011385045912779768,4,156
-0.050059911425137264,-0.007586899951472347,4,157
-0.05947367065132248,0.004970448142099274,4,158
-0.056202510285573284,0.011093787857499272,4,159
0.0030580697381419985,0.015285797467519405,4,160
0.09105842473618178,0.02566150122492393,5,0
0.08739401307470657,0.022900160999719307,5,1
0.08402443761556994,0.020046561554423803,5,2
0.08335632431469747,0.019509740891063485,5,3
0.08107134301143512,0.017362521516458215,5,4
0.07943175824638232,0.015526407948176179,5,5
0.07107902350309697,0.0063004493899256825,5,6
0.07279014251681755,0.007185456861660371,5,7
0.08072694311651747,0.01567787295716414,5,8
0.0893321375067831,0.0236186174082283,5,9
0.09089664240308558,0.024847843764929822,5,10
0.09720152783519544,0.029919387951879064,5,11
0.09932844939893314,0.031085050003896025,5,12
0.10272543646689362,0.03323419121931032,5,13
0.10803279714132862,0.03572740126093449,5,14
0.1132256321881769,0.03775166779505501,5,15
0.12264696397289179,0.041117898950618494,5,16
0.12838459721641107,0.042990426955231864,5,17
0.1313228767052163,0.04096362800244589,5,18
0.1340508413153301,0.04205367310965739,5,19
0.13556201944983584,0.04010901443113735,5,20
0.13788426966560952,0.04132546098250644,5,21
0.13740718486431153,0.03923815777618565,5,22
0.13592938617021064,0.03676284429269013,5,23
0.13243027765304696,0.032680520957619266,5,24
0.1282853077150066,0.028017544225250546,5,25
0.12055209414024265,0.019951503606282794,5,26
0.11505140412485647,0.014854495629043889,5,27
0.10335993849307896,0.005031762331245792,5,28
0.10356828254093324,0.0049183902221817885,5,29
0.10832665605605403,0.0011281060432113182,5,30
0.10900199745323078,-0.000519153530635222,5,31
0.1083488329101775,-0.0034170047257169405,5,32
0.10621759622892143,-0.006327821674595514,5,33
0.10089947012105394,-0.010370968077451923,5,34
0.09647423820435642,-0.015080613945951758,5,35
0.08855479284877796,-0.020040727186848635,5,36
0.08339491688909713,-0.022909464710840946,5,37
0.07461990603638635,-0.026783762437667866,5,38
0.07439447463171024,-0.02655644244132905,5,39
0.060799243698233175,-0.03208468007287178,5,40
0.06112180348797771,-0.032175868301886415,5,41
0.053566963070835825,-0.034594882827052496,5,42
0.05249703803284496,-0.03495936327935062,5,43
0.04650237516359849,-0.035754111269980605,5,44
0.03615513491918462,-0.03947283446247871,5,45
0.024717188094701022,-0.04134107973693579,5,46
0.020110889218187204,-0.04071825070231996,5,47
0.021044500085938615,-0.04170229926269679,5,48
0.021523036179057584,-0.041283748008568356,5,49
0.024410015060548223,-0.040577600213049375,5,50
0.025403001298050034,-0.04032341245666991,5,51
0.0286811047937941,-0.04046007540013353,5,52
0.021897166384246186,-0.03950787662982865,5,53
0.016990106984121168,-0.038761439502911284,5,54
0.011600374621739391,-0.0363415668138199,5,55
0.010458089322663613,-0.03732749658937041,5,56
0.010353897257883753,-0.03731366020168531,5,57
0.0093493816170896,-0.03711374734718392,5,58
0.0056680474748344555,-0.036626694983424586,5,59
-0.004033264293363548,-0.03899378431919643,5,60
-0.0013131978883283862,-0.039811900732620024,5,61
-0.0034585282212913795,-0.04061579565780513,5,62
0.0029903122258763013,-0.04183834085636631,5,63
-0.0013517246290400257,-0.04121777222414863,5,64
0.006310877018343044,-0.040718512345584476,5,65
0.004867032803649134,-0.04006676308550235,5,66
0.005043864965222045,-0.03995135396021362,5,67
0.002779953487692841,-0.03750041818667342,5,68
-0.0002558603018818717,-0.03913977989928293,5,69
-0.0029986046800312477,-0.03799466593474099,5,70
-0.009289626684559626,-0.03972490155809781,5,71
-0.012513337669874402,-0.040310227015571826,5,72
-0.014783509066059932,-0.041251279454342024,5,73
-0.016744814943398478,-0.041407856232624864,5,74
-0.01751322757510786,-0.04157282808618834,5,75
-0.01677995481266613,-0.04249872401251295,5,76
-0.011728354762315521,-0.042569860997354776,5,77
-0.01846115528548291,-0.04124438337708288,5,78
-0.0191514965415769,-0.038364613040599974,5,79
-0.029295868777587886,-0.0364830423343975,5,80
-0.03938927447400326,-0.03238124216294629,5,81
-0.04275751037469034,-0.032518677689032625,5,82
-0.046032268012622155,-0.0297754778439925,5,83
-0.052943977573316314,-0.029231704145184275,5,84
-0.04620554141283812,-0.027862145333944006,5,85
-0.0597232190631306,-0.024739160554976034,5,86
-0.058960529773068364,-0.027829151330998707,5,87
-0.06279123465839132,-0.028279520852028766,5,88
-0.06427874041175671,-0.029500777666413666,5,89
-0.0647317196164528,-0.029864922534090958,5,90
-0.06482428261696085,-0.029987114256102818,5,91
-0.06622374136393935,-0.02914784999797399,5,92
-0.06586712889741825,-0.02837460474492516,5,93
-0.0675617276794044,-0.02630110376546526,5,94
-0.07060693415020923,-0.022523404210763577,5,95
-0.07208752414587044,-0.02040343364800179,5,96
-0.0744983937487385,-0.018817899349836652,5,97
-0.08083321477467685,-0.01576446071453552,5,98
-0.08222848895559841,-0.01398629999517751,5,99
-0.08466618737854247,-0.009468225556027337,5,100
-0.0835914621395763,-0.007778760227643403,5,101
-0.08707253597799444,-0.006215684928281496,5,102
-0.08595691273948057,-0.0035942638944379593,5,103
-0.08490141102762619,-0.0028115508224607765,5,104
-0.08060809175315173,-0.0019248313920663322,5,105
-0.07251954136376235,0.0015695034254867193,5,106
-0.06809356522048285,0.007054298818241886,5,107
-0.06068075458528582,0.008947922059506695,5,108
-0.06783312751331873,0.013611007685763971,5,109
-0.068333943670263,0.013825530310574815,5,110
-0.06847006058560175,0.020502433837713732,5,111
-0.0752556360842499,0.02547959215368518,5,112
-0.07650396992246061,0.02711846028316442,5,113
-0.0777908323991942,0.028226344366021523,5,114
-0.07932981930608221,0.030326637184746673,5,115
-0.0799238793178195,0.03222233825090862,5,116
-0.08131620500719945,0.034394344046605366,5,117
-0.08131510119504505,0.03530340503126476,5,118
-0.08087895845872264,0.03628896119511268,5,119
-0.07831634917140869,0.03571970352362132,5,120
-0.07907275835639935,0.034676172430094014,5,121
-0.07911935532270573,0.039472692986713104,5,122
-0.07793924640519752,0.04043952756954899,5,123
-0.07672426365444773,0.04082350811963352,5,124
-0.0738165315618748,0.041680918698748966,5,125
-0.07068100973388385,0.03816992959424959,5,126
-0.06313226467330837,0.04384421645909557,5,127
-0.057738298467838484,0.04706862711506511,5,128
-0.05339933233616261,0.047295248083393956,5,129
-0.05399726309503284,0.047237657676878216,5,130
-0.05185360571372068,0.04809746429794191,5,131
-0.049677868025628555,0.04762252634318727,5,132
-0.04655314858187472,0.04606831415521005,5,133
-0.045595566564163637,0.0444720311065242,5,134
-0.05214262772357282,0.040103167185542236,5,135
-0.05926456766286786,0.036646230627518116,5,136
-0.06095397429149729,0.03687390814775096,5,137
-0.061901477681714154,0.03299519850664172,5,138
-0.05830335607774806,0.03598450744531039,5,139
-0.05741327497655476,0.035717664222271135,5,140
-0.05243911066933324,0.03391820550616859,5,141
-0.053931926539254375,0.03509180545383025,5,142
-0.05457331962371471,0.036492253204258536,5,143
-0.04909347632382036,0.03698886941932068,5,144
-0.04629217666445523,0.03589392627165722,5,145
-0.04313913521044264,0.03481581337389219,5,146
-0.03997005422851882,0.03201273082029841,5,147
-0.03443343316705504,0.02680627564093448,5,148
-0.028438220534932116,0.01923474276208988,5,149
-0.02731110054085909,0.017477124189789018,5,150
-0.025322902554878613,0.013536454338902616,5,151
-0.024180799761908255,0.011836181703794711,5,152
-0.022256052043751588,0.007725003553457037,5,153
-0.02173069096297216,0.005816958178741232,5,154
-0.017017078284910538,0.0030133870613595396,5,155
-0.01626244077742651,0.002249070578195999,5,156
-0.004019887304731165,-0.00770223338935585,5,157
0.005996391547742864,-0.016386735960677686,5,158
0.011859860541961007,-0.01986780743817453,5,159
0.024226910913514584,-0.019524560753805518,5,160
