x,y,cohort,time,salience
-0.0870466743469606,0.10176575809702691,0,0,
-0.08744303135529151,0.1001871356660744,0,1,
-0.08746074574356942,0.1056050795880057,0,2,
-0.08765646872905888,0.10536889304805205,0,3,
-0.08761281577575164,0.10687999562768555,0,4,
-0.08790475811527597,0.11008835080075395,0,5,
-0.08769756551877707,0.10652233086570125,0,6,
-0.08756038983534783,0.10181261665627894,0,7,2.0
-0.08621111062384486,0.08254751410294328,0,8,6.0
-0.0828402300955439,0.058356543999657666,0,9,1.0
-0.08157495116494473,0.05339470645075488,0,10,7.0
-0.08077946909588991,0.05137022924597943,0,11,4.0
-0.08033291779027943,0.0488050760344386,0,12,4.0
-0.07671294907073065,0.04021725573695124,0,13,7.0
-0.07553891182220586,0.037539270319790895,0,14,0.0
-0.07234865648305533,0.0328594398761928,0,15,2.0
-0.07126620515472552,0.02855757663287328,0,16,7.0
-0.06875269267928076,0.02789308104800592,0,17,10.0
-0.06788353648550745,0.027777579615773904,0,18,3.0
-0.07042593421643352,0.029743991628840376,0,19,4.0
-0.07316103397823173,0.036042588473361774,0,20,10.0
-0.07469901945428736,0.038704519234576254,0,21,7.0
-0.07484088629382629,0.04025776781779887,0,22,10.0
-0.07433319460678355,0.040008826562963264,0,23,0.0
-0.07315562715738419,0.03850559560228458,0,24,7.0
-0.07297313211315264,0.038143362124567357,0,25,1.0
-0.07233095747083362,0.03649678944371618,0,26,0.0
-0.06982188938925035,0.03270585566287823,0,27,0.0
-0.0636095086638569,0.021673323558203676,0,28,2.0
-0.05897969743260423,0.015987776292852824,0,29,2.0
-0.05643690096507217,0.011676992864791139,0,30,1.0
-0.05474212007105681,0.009927043159960482,0,31,5.0
-0.04850209182373539,0.010812758271791463,0,32,10.0
-0.05554759780289375,0.009582006524013188,0,33,3.0
-0.05645266057379621,0.00911900151130624,0,34,1.0
-0.05728006666530281,0.005903551754089886,0,35,4.0
-0.05848261593504753,0.0010403221166341721,0,36,8.0
-0.05856605321552695,-0.0018675060456386618,0,37,5.0
-0.051524410791775554,-0.002640725992546876,0,38,5.0
-0.0576895058698407,-0.005683798100662276,0,39,5.0
-0.05861763101507669,-0.008827473593480496,0,40,2.0
-0.05853131080663044,-0.012896252674625018,0,41,1.0
-0.05800947137502551,-0.016898068471807328,0,42,4.0
-0.05421774601505368,-0.019929267147230117,0,43,4.0
-0.05181865072713278,-0.02293096583047519,0,44,1.0
-0.05170482254486791,-0.02382469023244334,0,45,3.0
-0.05068604234806244,-0.02416118521431581,0,46,3.0
-0.04981984417802786,-0.024329908189800784,0,47,0.0
-0.043745084526755434,-0.023017364682440682,0,48,7.0
-0.05103644794717251,-0.024379447534222515,0,49,0.0
-0.052461766713766435,-0.02526826862221716,0,50,7.0
-0.05462860428215866,-0.026689840541086408,0,51,4.0
-0.05267122378237356,-0.02793976307669385,0,52,3.0
-0.05315470858063762,-0.030358427128774613,0,53,1.0
-0.050607252517489716,-0.03335294525318711,0,54,0.0
-0.046889258214280936,-0.03805140945813492,0,55,8.0
-0.0411175830706091,-0.043589118183193394,0,56,2.0
-0.03707878804745476,-0.04813813251041992,0,57,2.0
-0.03810639933873396,-0.050119393451433326,0,58,0.0
-0.03682042512527973,-0.05118326720440325,0,59,0.0
-0.03464742839786305,-0.05185098555628139,0,60,3.0
-0.032818977661189096,-0.04932796061415986,0,61,5.0
-0.03257418077994357,-0.049115596995941285,0,62,2.0
-0.023053429660493605,-0.0520902000799682,0,63,3.0
-0.010005878021504436,-0.057231229141952986,0,64,2.0
-0.007005559945762911,-0.05744490321153439,0,65,1.0
0.0022443258178530424,-0.058877143251895483,0,66,1.0
0.004448771431847582,-0.059046309076417294,0,67,2.0
0.007053327572143696,-0.05796907032930003,0,68,10.0
0.008777385510454299,-0.05695809587492196,0,69,3.0
0.009060360174189125,-0.05635735695132309,0,70,0.0
0.014144324273761034,-0.05412931924792927,0,71,1.0
0.004988969218904759,-0.05430265912676133,0,72,3.0
-0.0020989600438264242,-0.05252132711715851,0,73,1.0
-0.005194323092882983,-0.05057491509828979,0,74,4.0
-0.0074405441326133815,-0.04790333704683936,0,75,4.0
-0.012866379649395856,-0.04472411732287891,0,76,0.0
-0.007909879461314981,-0.04849027343742276,0,77,1.0
-0.007259722105576323,-0.04914854517339202,0,78,10.0
-0.009339961556122,-0.04758503051555926,0,79,2.0
-0.006400771064724918,-0.05031206778463038,0,80,6.0
-0.003472166667762471,-0.05071468548129998,0,81,0.0
-0.002257161247476123,-0.049947894160229114,0,82,0.0
-0.0013884996999030084,-0.05041766054669306,0,83,1.0
-0.00033995787041375924,-0.04866662410751375,0,84,6.0
-0.0005307803157677925,-0.04819606450157473,0,85,5.0
0.004158503842226543,-0.04486910156244677,0,86,1.0
0.001938823173811402,-0.044878149293809316,0,87,0.0
0.0008110127966339196,-0.04388476720605334,0,88,3.0
-0.0013864692355085237,-0.04324742504734721,0,89,4.0
-0.007004217992542923,-0.03931995580868941,0,90,4.0
-0.0030127035779532064,-0.0415937446801624,0,91,0.0
-0.0013810788974743845,-0.037599460514193384,0,92,3.0
-0.0028646626154935502,-0.04091527284433227,0,93,1.0
-0.002444599238000422,-0.04121140431644491,0,94,1.0
9.01797262000261e-05,-0.04101208241018581,0,95,0.0
0.0013970044298920387,-0.04039373245456505,0,96,1.0
0.0034438488845638664,-0.03868604141067063,0,97,3.0
0.003567716646262668,-0.033363738341386104,0,98,5.0
0.006917251395378926,-0.03082944242113759,0,99,5.0
0.00863161478915274,-0.025490773501479946,0,100,3.0
0.008756441808081524,-0.02595538857807216,0,101,6.0
0.008664310709709931,-0.025664280874465345,0,102,4.0
0.00943114464639918,-0.02059102412387356,0,103,4.0
0.0103477169178199,-0.01779948280400324,0,104,3.0
0.011462562890758603,-0.016455523176691713,0,105,3.0
0.011458379357050158,-0.014286740597288192,0,106,2.0
0.013535013974534842,-0.008407428129838563,0,107,1.0
0.007868564014426692,-0.0040051573449507195,0,108,0.0
-0.00022012037609883523,0.0007417911009223447,0,109,1.0
0.00643999387372536,-0.0011782014893275323,0,110,5.0
0.007799545914144359,-0.0009279247116165415,0,111,3.0
0.012102033405752277,-0.0016107071065082235,0,112,10.0
0.01645938563240161,-0.0027897864535625185,0,113,4.0
0.021859083355482277,-0.005158256201091153,0,114,3.0
0.018930537195987744,-0.005699598554213183,0,115,1.0
0.01969900149768699,-0.007165611373235618,0,116,2.0
0.028648474560567246,-0.005340555781947419,0,117,1.0
0.032133296146874005,-0.005592093434688446,0,118,1.0
0.03891926091218842,-0.006913330169214169,0,119,5.0
0.043409587117434145,-0.008004546464924297,0,120,4.0
0.04456040425247589,-0.008127609300945277,0,121,5.0
0.04656831103229701,-0.009425412888680202,0,122,3.0
0.050227811217764075,-0.009553919746183023,0,123,2.0
0.053588769950518665,-0.010540801844451997,0,124,1.0
0.05493160005982007,-0.010948289142355915,0,125,1.0
0.052851749867245126,-0.011837851500421546,0,126,10.0
0.04887229098423474,-0.012250786195839327,0,127,2.0
0.051566761493069144,-0.012714393158810944,0,128,4.0
0.053989766195767355,-0.014614760710102825,0,129,3.0
0.05903984589598288,-0.01553254481519443,0,130,3.0
0.06206154045015236,-0.02097986433317662,0,131,10.0
0.07095644277214982,-0.012823008637269878,0,132,6.0
0.08265697852726198,-0.0032964003606125425,0,133,3.0
0.08796612992639713,0.0017454590746152575,0,134,1.0
0.0881804606798063,0.002199422017958723,0,135,1.0
0.09068334379684961,0.004100424645732625,0,136,1.0
0.09154895598736874,0.0052996275325042684,0,137,4.0
0.09346675609297174,0.00965058533101421,0,138,0.0
0.10293649963529145,0.02384821878442101,0,139,6.0
0.10579247767159788,0.028402212206808566,0,140,8.0
0.1102370019663758,0.03632998275454014,0,141,0.0
0.112212808050393,0.04089238623530368,0,142,1.0
0.1161924570029629,0.04994626692808437,0,143,3.0
0.1195681479642831,0.05885087846959307,0,144,0.0
0.11958009158135964,0.06070130335478943,0,145,3.0
0.11948222795350713,0.06101007458710304,0,146,1.0
0.11864850123540284,0.060121858960890034,0,147,5.0
0.11614560126021692,0.05422482433444025,0,148,6.0
0.11241170955716002,0.05611858826835578,0,149,4.0
0.10542821844849973,0.05368846325364786,0,150,5.0
0.11387140856822985,0.05773062786643865,0,151,3.0
0.1168478529262252,0.058069227458629205,0,152,4.0
0.11750915873709857,0.058454519974109276,0,153,2.0
0.11797701624831987,0.057678811941645876,0,154,1.0
0.11659253778845137,0.053375540619430985,0,155,1.0
0.1139068822368618,0.046114146993165676,0,156,5.0
0.11287981655190174,0.042332749580402645,0,157,4.0
0.11284217292457543,0.04203621288356974,0,158,2.0
0.11311435998280671,0.04453361447941962,0,159,1.0
0.10732783775297967,0.04138863705245465,0,160,6.0
0.07862041734131682,-0.01905203928852871,1,0,9.0
0.07420972985415797,-0.026357586384304247,1,1,
0.08191609469982988,-0.029565583327989576,1,2,
0.08380593386607675,-0.03022183546378632,1,3,
0.07809580133823636,-0.02783793056498227,1,4,
0.08974721740957854,-0.031172844536686072,1,5,
0.09433966328372113,-0.03413870627841419,1,6,
0.09457526002732362,-0.03560394945150124,1,7,
0.0970913867286648,-0.0370656735865195,1,8,
0.0995613064963104,-0.037379823362949656,1,9,
0.10084495176246233,-0.03379042015237202,1,10,
0.10043261324047652,-0.028644223509580267,1,11,
0.10448720243289072,-0.03336582527155727,1,12,
0.10632363901921915,-0.0341574768403925,1,13,
0.1088958340685326,-0.03214503925029731,1,14,
0.11019169994306008,-0.028090861611075244,1,15,
0.11038041303882792,-0.028867013523338803,1,16,
0.11036334079072978,-0.028666800888785732,1,17,
0.10722681593282243,-0.026257180081117246,1,18,
0.10500677200381457,-0.02714400989438309,1,19,
0.09350456919410687,-0.0254872239191984,1,20,
0.08139222343445711,-0.02331893362168798,1,21,
0.07320942306691924,-0.024974851766062907,1,22,
0.08269918433936177,-0.024181298131263452,1,23,
0.08513341413868185,-0.02584313887110703,1,24,
0.08864036113851675,-0.02681200839110733,1,25,
0.08802413102395407,-0.026736695511942587,1,26,
0.08913438637116272,-0.024102955949319015,1,27,
0.09100642002230452,-0.020622614570011893,1,28,
0.08588454106795822,-0.014741908700987011,1,29,
0.08959781281036909,-0.015119861565899558,1,30,
0.09432782381390725,-0.014159703910804435,1,31,
0.09270726024951335,-0.013403803757283696,1,32,
0.09455534720661779,-0.01040336223790142,1,33,
0.0963633103364919,-0.008894318552715703,1,34,
0.0921765022024294,5.0089865201903e-06,1,35,
0.08590726152836217,0.011648882073198408,1,36,
0.08000485561874036,0.016667962063020673,1,37,
0.07816125325899687,0.01691310959328262,1,38,
0.07172375093132721,0.018738510726805706,1,39,
0.06943284023977998,0.018402148028863,1,40,
0.08023515565896262,0.01404580550949155,1,41,
0.0788589783407705,0.017430239456697673,1,42,
0.080886230401213,0.016155955440577713,1,43,
0.08352384035943825,0.01257828853982637,1,44,
0.08340163584494732,0.0035864631219263685,1,45,
0.08640707848482503,0.0022576630277524436,1,46,
0.08127967256260256,0.014676039360315987,1,47,
0.07874468792591496,0.01993877157814501,1,48,
0.07026354124551094,0.022426157566005276,1,49,
0.07576702680181713,0.02318247322771247,1,50,
0.07196935843627023,0.02419419787139578,1,51,
0.07389608396607938,0.02339427705628138,1,52,
0.07136861568111744,0.024005545586146745,1,53,
0.059297546361537196,0.026365062476087626,1,54,
0.060367153713140796,0.028343995915028126,1,55,
0.06157077203500681,0.0286087760363757,1,56,
0.055839309585995145,0.029800058700683536,1,57,
0.056607702614159656,0.028944877365541754,1,58,
0.046354685533279094,0.03243517960782293,1,59,
0.04396217780119923,0.03314062317748574,1,60,
0.04418462712124117,0.03156557145033121,1,61,
0.05578836853831029,0.027789120281010143,1,62,
0.05261501210398613,0.02676641977855399,1,63,
0.030651315107116935,0.034670205849727805,1,64,
0.028543899082635542,0.03463420625165353,1,65,
0.023981175064157655,0.03468582445833908,1,66,
0.019613297032441517,0.034152140978322344,1,67,
0.008928092594986864,0.03570461097884474,1,68,
0.009487001172768577,0.03573774391203714,1,69,
-0.006939693926055726,0.03414189024872406,1,70,
-0.0167696347155441,0.031718887116688126,1,71,
-0.014665928275177003,0.030547734441617822,1,72,
-0.013718831434062174,0.02986343173935146,1,73,
-0.009552209563658993,0.028922488710909706,1,74,
-0.016939334562124,0.02644640830583927,1,75,
-0.018502190826379203,0.028069638343507113,1,76,
-0.037229522256352995,0.024614918222247227,1,77,
-0.04188468877589757,0.023446677671145805,1,78,
-0.04231691860066905,0.02258893878220777,1,79,
-0.03742729153783647,0.02082222638335194,1,80,
-0.03326422675480016,0.023710503425736287,1,81,
-0.029646492417787364,0.02211200326067244,1,82,
-0.03173166493633683,0.016151111113013743,1,83,
-0.017871447576079762,0.014774239725268852,1,84,
-0.0029941188303967297,-0.002874337895559703,1,85,
-0.01198734359654219,0.004999536837219964,1,86,
-0.016824472670674558,0.004391895420208518,1,87,
-0.019273082710175804,0.004288004810074205,1,88,
-0.027100374931279984,0.01356695862646661,1,89,
-0.03212611218186994,0.02291155667898548,1,90,
-0.03435040380464108,0.02455753230876749,1,91,
-0.03170971672807726,0.02549758508586747,1,92,
-0.03276991859266211,0.02508797106528318,1,93,
-0.03711170525781804,0.022154909985405015,1,94,
-0.04056019088052253,0.01730199010870058,1,95,
-0.047264652895004845,0.012902229657555957,1,96,
-0.04720388605227185,0.014667541039010067,1,97,
-0.049770731759627186,0.018641439552435777,1,98,
-0.05012307660017134,0.024476581440008718,1,99,
-0.04848504317700511,0.027707117208810136,1,100,
-0.04683865482456549,0.028253742687812305,1,101,
-0.03282988976683094,0.03219221184344858,1,102,
-0.045709885221589724,0.026898647504972967,1,103,
-0.04783696940109622,0.02689701770225043,1,104,
-0.04901637827371032,0.024733593450704233,1,105,
-0.049521111144333316,0.019969152326565803,1,106,
-0.05046607424538004,0.0179571581316337,1,107,
-0.051397955532166695,0.014001408556201278,1,108,
-0.04588853038752049,0.018180278447628366,1,109,
-0.05188384874994482,0.01902930343032259,1,110,
-0.0523224235547137,0.02214239973537402,1,111,
-0.050146268248960145,0.023624699670731764,1,112,
-0.05221767512827654,0.023556182434705215,1,113,
-0.052326456929576104,0.02190371303988814,1,114,
-0.053240547034052114,0.011959517775665274,1,115,
-0.040376027435308444,0.012658892119405057,1,116,
-0.04658218463855424,0.010679154857561686,1,117,
-0.05636179322109929,0.007903498376243108,1,118,
-0.07204367246965071,-0.0021909112077822023,1,119,
-0.07583965688635803,-0.004881921149762725,1,120,
-0.06895689358710892,-0.00037804245974270304,1,121,
-0.07070465996495812,-0.0014621209477471346,1,122,
-0.08230196585971873,-0.010902655911004894,1,123,
-0.09684916949401207,-0.025819633088662367,1,124,
-0.09885762991834189,-0.029338503590727164,1,125,
-0.09963027584686937,-0.03145697758700713,1,126,
-0.10063958336774989,-0.033331579787595614,1,127,
-0.09914936260411057,-0.0320210697238258,1,128,
-0.09413492728348366,-0.026383161793637998,1,129,
-0.08271831920918858,-0.013833954485889739,1,130,
-0.0888222502122768,-0.024296104789041484,1,131,
-0.08892015213277352,-0.025550133282936975,1,132,
-0.09161262460254332,-0.027497295089780265,1,133,
-0.09270142485230336,-0.02753507324140165,1,134,
-0.08925733972118324,-0.025072622682456414,1,135,
-0.08798907123146117,-0.02620453994722442,1,136,
-0.08647772393996965,-0.02486236760862021,1,137,
-0.08373662210799326,-0.02032388656731411,1,138,
-0.08893598070932347,-0.02317178342918808,1,139,
-0.08589876844127103,-0.018532332476444507,1,140,
-0.08915384030564234,-0.021809046568651996,1,141,
-0.09121533369404664,-0.024074382283198185,1,142,
-0.09135954959882307,-0.022749724715985128,1,143,
-0.08920697246912843,-0.019029844377319263,1,144,
-0.09119386428868832,-0.021670926948568533,1,145,
-0.09509298960037199,-0.026539623705601187,1,146,
-0.09694540363433392,-0.030086563203946273,1,147,
-0.09435613150752924,-0.030126492309591586,1,148,
-0.08842722869704599,-0.025861501393361186,1,149,
-0.09101143217407175,-0.028458810141468633,1,150,
-0.09531357957154718,-0.03138714395637055,1,151,
-0.0938751895836174,-0.030648921225949623,1,152,
-0.09101745436977461,-0.029572088221060038,1,153,
-0.08270457656715556,-0.022645592165719913,1,154,
-0.07098550470080202,-0.014216206596431413,1,155,
-0.0726554063479739,-0.00911083836455929,1,156,
-0.0742203596311008,-0.010138260098016305,1,157,
-0.0759600295877953,-0.011524795736970654,1,158,
-0.07647462203180655,-0.016004512265921533,1,159,
-0.06367168307435635,-0.015312649690107687,1,160,
0.08704110831292086,0.04947063983025055,2,0,
0.07104308490533864,0.055744232889768104,2,1,
0.05601835808999299,0.060662822990391725,2,2,
0.04415482708804379,0.05948751449330014,2,3,
0.04519759183593482,0.06033422187767647,2,4,
0.05383629862241645,0.060495992222368615,2,5,
0.0652586864484018,0.06124581153085834,2,6,
0.07546428243378041,0.061261519451696264,2,7,
0.07852413361235291,0.06073524915101186,2,8,
0.08089742086891237,0.059611830080466666,2,9,
0.07425705068117212,0.058079217942965784,2,10,
0.08374003317912451,0.05892112907367761,2,11,
0.08809805092781299,0.052966899741055305,2,12,
0.09524062021260817,0.04318411355099779,2,13,
0.09666553513817074,0.040157424532935776,2,14,
0.09455277124656981,0.045141120089551214,2,15,
0.1006959863494022,0.0397386712249711,2,16,
0.10575756571135447,0.03975277805115432,2,17,
0.10696999359304912,0.03915057446037711,2,18,
0.10637820234942795,0.03655006237804576,2,19,
0.1043972322857473,0.024487794243993208,2,20,
0.12045496961147088,0.03411344880052499,2,21,
0.1303532186911198,0.03778312595324262,2,22,
0.12996673624620358,0.03788012840869361,2,23,
0.12869531212964297,0.03757578809257954,2,24,
0.12463563330735827,0.03673291244964902,2,25,
0.1208034837153518,0.033885599642605985,2,26,
0.11620419669444819,0.03323912425927828,2,27,
0.10984021319656818,0.03107785254799568,2,28,
0.11127206368669752,0.022808752462943994,2,29,
0.10302092287954846,0.016817181138598633,2,30,
0.09358974809968028,0.002198991048123638,2,31,
0.0903827862490161,-0.006758584364085124,2,32,
0.08504897605666793,-0.014725737227611434,2,33,
0.07484409691280153,-0.025961832969834422,2,34,
0.06894915352672269,-0.029356661037617967,2,35,
0.06881894600638495,-0.028775528667884413,2,36,
0.06705176224238055,-0.029641579859144652,2,37,
0.06096262568327836,-0.029569111492808674,2,38,
0.060294970139345046,-0.03155844030228328,2,39,
0.05883050029203327,-0.03589374590991716,2,40,
0.0584438590274618,-0.03731809456787917,2,41,
0.057387513913890936,-0.03768930844280978,2,42,
0.057296746353536786,-0.03698510174079835,2,43,
0.055303793811429525,-0.03504922251289313,2,44,
0.05184231332837309,-0.03468865276143734,2,45,
0.04112087729281902,-0.03322365473652731,2,46,
0.04139095289329345,-0.03840365161973533,2,47,
0.04118061533564976,-0.0391667745199045,2,48,
0.03918530022181427,-0.04015112981755737,2,49,
0.039840687765128856,-0.039380792172893794,2,50,
0.039989495580838884,-0.03905664410687086,2,51,
0.033769257608590654,-0.035088550570161324,2,52,
0.042334587123369224,-0.04117230631038359,2,53,
0.04620764350005734,-0.04192820224387298,2,54,
0.041880999402079726,-0.04855386408935629,2,55,
0.025397697635736207,-0.05413229189095173,2,56,
0.01921591400754497,-0.055581599567893415,2,57,
0.015351276942878795,-0.055353224565664244,2,58,
0.003167277821412341,-0.05434068844257752,2,59,
-0.002186351846913391,-0.05565366711687857,2,60,
-0.0018648210271605724,-0.056855008351389145,2,61,
-0.006451244624222179,-0.0552107956529858,2,62,
-0.01018624909784649,-0.05106326410724312,2,63,
-0.005237575990717059,-0.049611048294478426,2,64,
-0.007661055089149611,-0.050843961490976634,2,65,
-0.008807778675604713,-0.04940843191111526,2,66,
-0.0035728383930628774,-0.046876366780794806,2,67,
-0.0009961459685293148,-0.04998242991699185,2,68,
-0.009133976941482682,-0.051939157362346174,2,69,
-0.0004051541260070892,-0.05628254772968067,2,70,
0.0008568698586229913,-0.055182750502040696,2,71,
-0.0034493919637672435,-0.05892909419775893,2,72,
-0.002150387524643758,-0.05675684091474225,2,73,
-0.007327650333632769,-0.05852604553205421,2,74,
-0.009722884331175883,-0.056093264569248805,2,75,
-0.011788837582171153,-0.05306122039519061,2,76,
-0.007315278114180846,-0.05448510486981965,2,77,
-0.006010101611634406,-0.05441080375626995,2,78,
-0.008757909243021942,-0.0509941290078864,2,79,
-0.01598129431067813,-0.04795346104618409,2,80,
-0.02030848374907307,-0.04389055877199371,2,81,
-0.02176227082912786,-0.03645661106342223,2,82,
-0.02037763064533539,-0.044678382917222224,2,83,
-0.020879084367365866,-0.04668082909992806,2,84,
-0.02533286232118376,-0.04013734794349661,2,85,
-0.025200879430177254,-0.04668976116349938,2,86,
-0.02091836548588476,-0.048656503791916134,2,87,
-0.02330396427905042,-0.04914025070555658,2,88,
-0.029379008666339686,-0.04216256721301045,2,89,
-0.031002690094873348,-0.03782201566872052,2,90,
-0.03405878813348436,-0.0330470623181203,2,91,
-0.0352922646406052,-0.030906160848145084,2,92,
-0.029023858980868306,-0.028721557156885527,2,93,
-0.03260483215317144,-0.019065267302695314,2,94,
-0.030516001909160668,-0.024954203604072373,2,95,
-0.034810772891229524,-0.02797579648375707,2,96,
-0.03452392359397132,-0.029844810924673008,2,97,
-0.04112461428804477,-0.025121511082278468,2,98,
-0.03983435125817694,-0.026840159989055146,2,99,
-0.03927765486373074,-0.03060830129601463,2,100,
-0.03924899298839185,-0.029801869793195584,2,101,
-0.03964966441884132,-0.030510214476138015,2,102,
-0.03950743093242841,-0.031088908685819407,2,103,
-0.0422372486593549,-0.029205905537371964,2,104,
-0.048782871154565866,-0.021781876020019762,2,105,
-0.04518165566328404,-0.020981230242391385,2,106,
-0.04209964067861029,-0.020988207122484802,2,107,
-0.04296105430035743,-0.01250471722270614,2,108,
-0.0452976004530257,-0.013121186607729466,2,109,
-0.045080403511092916,-0.010787855637117842,2,110,
-0.04428657972941252,-0.008676709517979782,2,111,
-0.03612133038447809,0.0007771253671904686,2,112,
-0.027419067051703386,0.013006211833336563,2,113,
-0.03355621538025107,0.009615068528051938,2,114,
-0.050062517165385255,0.006393641610234144,2,115,
-0.05358355143934385,0.003673355278010588,2,116,
-0.058996646982777026,0.008169170239155315,2,117,
-0.06331971227736599,0.011452590980049887,2,118,
-0.06457891825870692,0.010986831080250675,2,119,
-0.062331675609985135,0.006293627945170687,2,120,
-0.05849725737738754,0.0021326968734389474,2,121,
-0.057133932665011725,0.001990218889875004,2,122,
-0.05593276563514456,-0.0022494178268085835,2,123,
-0.05624471154133182,-0.0031783929285131595,2,124,
-0.0496304375832006,-0.00145473748472916,2,125,
-0.05739425790805174,-0.0032227454626043302,2,126,
-0.058018457377609745,-0.004920737199280207,2,127,
-0.061700482523069304,-0.0035435438849483305,2,128,
-0.06914057537788589,0.0011092771531227865,2,129,
-0.07512845343695151,0.007757615167807802,2,130,
-0.07578237778073603,0.009200134433270266,2,131,
-0.08451403045527606,0.01941421314304309,2,132,
-0.09081509552608376,0.028582655671421944,2,133,
-0.09265652190041734,0.03325801928052346,2,134,
-0.09436586945289664,0.03501555124590289,2,135,
-0.09048691044517916,0.03334333868760483,2,136,
-0.09198643330182107,0.037782985979274965,2,137,
-0.09337549487947237,0.038920575169793324,2,138,
-0.09225632779072493,0.03927451834723037,2,139,
-0.09651255451214726,0.04865930223294793,2,140,
-0.10044807395166086,0.06918660195260398,2,141,
-0.10170718566254833,0.07273348820967253,2,142,
-0.10477059997828693,0.07199736096411963,2,143,
-0.1062723974105847,0.06921758783322235,2,144,
-0.10506686755360232,0.07038466655992737,2,145,
-0.10353926112965378,0.07141927783789635,2,146,
-0.09494472108525659,0.07759555879058141,2,147,
-0.07799588169158339,0.08240308015294961,2,148,
-0.06429377586279705,0.0808416170860749,2,149,
-0.05880801400666948,0.07928732830007994,2,150,
-0.05414690509145673,0.07680836211486634,2,151,
-0.05065740564242741,0.07275640248533603,2,152,
-0.04895512917716249,0.07126173079328454,2,153,
-0.04756297951055804,0.06978741269481938,2,154,
-0.04172573611075914,0.06242226036318359,2,155,
-0.035603117049421505,0.051692124407150826,2,156,
-0.019531874218350752,0.03831357994753276,2,157,
-0.015313602953386036,0.03933920264864102,2,158,
-0.006931399950582152,0.04238969128725959,2,159,
-0.006682946760813941,0.04310370083407292,2,160,
0.11340073261499876,0.0720761255342192,3,0,
0.1133710339453827,0.0722496705040875,3,1,
0.11258734238266076,0.07004680666323213,3,2,
0.11012127781120597,0.06477325467907824,3,3,
0.10449337494208649,0.05498616617017788,3,4,
0.10770842332443155,0.0595861212188954,3,5,
0.10745036387080543,0.056956032571885896,3,6,
0.10480309625506673,0.048254888246988224,3,7,
0.10372032878467873,0.04711904158308011,3,8,
0.09755674487688905,0.04004037453702092,3,9,
0.09960241214285845,0.042167047475435586,3,10,
0.09802152298722318,0.04031442228521114,3,11,
0.09379106090727359,0.03579898346913671,3,12,
0.08948671023008042,0.029632496655004004,3,13,
0.09042038431061107,0.03146988862741554,3,14,
0.08711526109145627,0.02473039697114896,3,15,
0.08123074467124937,0.012790032379830956,3,16,
0.08095671141705474,0.011767010390276243,3,17,
0.07324297868847139,0.00031186535812943494,3,18,
0.07019093499256804,-0.00558092734160029,3,19,
0.07369028129710192,-0.0018599195069223101,3,20,
0.0862279560869524,0.01685086991826856,3,21,
0.09556662741763906,0.025989220828689086,3,22,
0.09727174743950788,0.027888705222629113,3,23,
0.0978403058271971,0.02857133843565833,3,24,
0.0975584722521699,0.02791326356502706,3,25,
0.09523719986735425,0.0251819903565663,3,26,
0.09016061391972588,0.01936216833030146,3,27,
0.07747792858781345,0.0013548224742170169,3,28,
0.06978485504812265,-0.00784320235587123,3,29,
0.06990294253080204,-0.007555005365459269,3,30,
0.06772768130146634,-0.009455380791506974,3,31,
0.06254781860896994,-0.014879171318866274,3,32,
0.0572228670452826,-0.019523088251137813,3,33,
0.060811500612431756,-0.01428457901655256,3,34,
0.061425623833204206,-0.01311548143538679,3,35,
0.05868946069578007,-0.017438095143210416,3,36,
0.06148830380786372,-0.014160115798871276,3,37,
0.061690393848917564,-0.015190160848348278,3,38,
0.053799217625951155,-0.023287664876931704,3,39,
0.05936525387264112,-0.016207822078425208,3,40,
0.05916450960558324,-0.01599212142191085,3,41,
0.057935332973129056,-0.017712474425195805,3,42,
0.05004455918779698,-0.026546838240751297,3,43,
0.058678442134536345,-0.018795254001096356,3,44,
0.06129772332846414,-0.01647741269925245,3,45,
0.05877279039287434,-0.018346302882835654,3,46,
0.052535453320847664,-0.02533123537408207,3,47,
0.05435162833375898,-0.021228209389569406,3,48,
0.05390152185647058,-0.02121000557746175,3,49,
0.05370988003979177,-0.020644950770241532,3,50,
0.052193689809852103,-0.02157087745379152,3,51,
0.04579576742183636,-0.02896936069746373,3,52,
0.05024552215980191,-0.025305017372933853,3,53,
0.04304658995254338,-0.031044419550578607,3,54,
0.04938258663193852,-0.0252727453417033,3,55,
0.04983395743446984,-0.02484271353723251,3,56,
0.05148996660017089,-0.023316489627261502,3,57,
0.05602241653079138,-0.019426172914424014,3,58,
0.05720959265290145,-0.016917645614292667,3,59,
0.05460092006154834,-0.016302800092057354,3,60,
0.045041809235473705,-0.011797849462710848,3,61,
0.045100341608758684,-0.013173567389521974,3,62,
0.0538472019472987,-0.01306976450840489,3,63,
0.051804652903773694,-0.014167307030437839,3,64,
0.04094553995143301,-0.010299647789992256,3,65,
0.03414491928908341,-0.013031636918226288,3,66,
0.030309397988372514,-0.01882417670570121,3,67,
0.03391244947222254,-0.013510686598269284,3,68,
0.035260303412966695,-0.008925983533653125,3,69,
0.03571593587360637,-0.009529503068957232,3,70,
0.03411384082504143,-0.009545196172504319,3,71,
0.03120018025302239,-0.010869179215810747,3,72,
0.023339765871320292,-0.022601134132136182,3,73,
0.013457052196972864,-0.030713800430072758,3,74,
0.005094410359406537,-0.03776773403729766,3,75,
0.011271011683148268,-0.032215366439284986,3,76,
0.014906609745674683,-0.03269363734441191,3,77,
0.01789539785980817,-0.02909764218663735,3,78,
0.015765931274774894,-0.0305241892581468,3,79,
0.02074010275721373,-0.02684010417671755,3,80,
0.02838218160653185,-0.016443920437484966,3,81,
0.03175194787843754,-0.012363923363487399,3,82,
0.0307920115713438,-0.012766412992745002,3,83,
0.03142419343286141,-0.018014757011243887,3,84,
0.03034224052997183,-0.030213895648463936,3,85,
-0.0021257195107403826,-0.04165372197271488,3,86,
-0.00853282608088055,-0.03919328632587512,3,87,
-0.0098308604242541,-0.038359157542867645,3,88,
-0.007509838629032135,-0.03810811844377704,3,89,
-0.009861105192314996,-0.03874084250885811,3,90,
-0.013086960459318953,-0.0407204328326173,3,91,
-0.001837896693520476,-0.04305135270861363,3,92,
-0.007059471941101513,-0.03887369100953335,3,93,
-0.013951626849183779,-0.036897792920590325,3,94,
-0.015060489467124715,-0.03688649363741183,3,95,
-0.018065757325081835,-0.038934099630312344,3,96,
-0.017589258526625625,-0.03703337345453217,3,97,
-0.023063492103726706,-0.04062561141754864,3,98,
-0.03778504240283144,-0.0384747391897478,3,99,
-0.05031575842066998,-0.0286027311343359,3,100,
-0.05706195943664791,-0.022356301881308965,3,101,
-0.06811479404527551,-0.009740121752101606,3,102,
-0.09256815901586403,0.03349017987298297,3,103,
-0.09351634864711005,0.03424481499123945,3,104,
-0.09243664880905716,0.03253425839464042,3,105,
-0.09139951810822036,0.03132264383499178,3,106,
-0.08642118608126428,0.026855075209594664,3,107,
-0.07324185818853189,0.013870445222240986,3,108,
-0.0782321926307743,0.01866890605172977,3,109,
-0.08191990519811279,0.023633739978460515,3,110,
-0.07153616101606634,0.01180236292720868,3,111,
-0.07864802575044355,0.01722100882063095,3,112,
-0.08882207742437168,0.02827167510122462,3,113,
-0.0855861863103397,0.023102982104873215,3,114,
-0.09263132916474887,0.02040340632018816,3,115,
-0.09717352095505714,0.020871884314206425,3,116,
-0.09730159103391421,0.021241880873682187,3,117,
-0.09525732549503728,0.020584451696773226,3,118,
-0.09014408119353234,0.01781470669377253,3,119,
-0.09672534837056257,0.021847387190212623,3,120,
-0.09933939287589565,0.022833879929796002,3,121,
-0.09650397773093754,0.017663249499070402,3,122,
-0.08855110068339031,0.013685698396299847,3,123,
-0.09293442967390458,0.015102677844099955,3,124,
-0.0901582058615732,0.014763649073207452,3,125,
-0.08713029829134342,0.014169745493918192,3,126,
-0.08475094347139228,0.012618214699674566,3,127,
-0.07329075250045566,2.2247783323198124e-05,3,128,
-0.07875232805557983,0.004344997459982593,3,129,
-0.08483439240878289,0.009245996388540623,3,130,
-0.0890108278969403,0.010895630718486406,3,131,
-0.08882655808187478,0.011296961648867369,3,132,
-0.08350446084282344,0.007335247890860599,3,133,
-0.07948236984729716,0.0034891930821480503,3,134,
-0.07607805540401523,0.0006332475144119163,3,135,
-0.07718071419001127,0.0014311075807199379,3,136,
-0.08012436027362785,0.0037056080357950436,3,137,
-0.0794695390581843,0.0030520493092553946,3,138,
-0.07791415689759232,0.001727529178925543,3,139,
-0.07950642692401998,0.0024090610971681655,3,140,
-0.08269665383029651,0.005381651956256611,3,141,
-0.07621625475122627,-0.0020481576950119704,3,142,
-0.0649082021126928,-0.012310553873331194,3,143,
-0.06511118587221906,-0.012334590689618351,3,144,
-0.07408999832004812,-0.00512283439503909,3,145,
-0.07202437429337606,-0.006839440300680782,3,146,
-0.07561682611246553,-0.005087903444912136,3,147,
-0.08560603701240407,0.003372350255062534,3,148,
-0.08588867833996384,0.0053911551721320715,3,149,
-0.08877424255905056,0.00668072733752263,3,150,
-0.08991386812023061,0.007211424126445686,3,151,
-0.0865336304575615,0.00643619581834208,3,152,
-0.08190471330516788,0.0020273537798565725,3,153,
-0.08872237915213262,0.008354721472622138,3,154,
-0.0926480571427367,0.01128253776473964,3,155,
-0.09564972926372664,0.015712753416356168,3,156,
-0.09542070804137086,0.01935494832811083,3,157,
-0.09383482074009325,0.021445635184489057,3,158,
-0.09163168104821685,0.02686341284331123,3,159,
-0.09258111938561348,0.030724351596823955,3,160,
0.040398211202003834,0.07974036910576893,4,0,
0.060358909884570704,0.0866124948889802,4,1,
0.0658105495288113,0.08724187555651441,4,2,
0.06607831528759193,0.08999110466290014,4,3,
0.07397540813826042,0.08925937517596863,4,4,
0.08272700563399897,0.0884511516270253,4,5,
0.08061342014937829,0.08578059088015925,4,6,
0.08674895630156941,0.0762350781496487,4,7,
0.08448778735667302,0.07955237177543502,4,8,
0.0850456407810901,0.07575633469478703,4,9,
0.08094556625612745,0.05837126558652714,4,10,
0.09129163746318689,0.06819881527399348,4,11,
0.08999729276942522,0.06726396167310104,4,12,
0.09452946311720095,0.0595519427507762,4,13,
0.09882345083583312,0.04510577001764132,4,14,
0.09482574440915377,0.025856482104366658,4,15,
0.08702519890401743,0.011407263535760864,4,16,
0.08109130687136543,0.0036517616778147595,4,17,
0.0845405149909198,0.005799742711465571,4,18,
0.07952212882704295,0.002856117391187871,4,19,
0.07525917603596138,0.00043169325373159067,4,20,
0.08141110368532886,0.006726579280365107,4,21,
0.0924548509451502,0.01605759655239764,4,22,
0.0971897782748393,0.019322396708460744,4,23,
0.10120314502449891,0.026258727206259724,4,24,
0.10621117457636768,0.028575960945771493,4,25,
0.10716962113941914,0.03395799454215314,4,26,
0.1064063128206621,0.03231889696146148,4,27,
0.10345185609432395,0.02951921819947169,4,28,
0.09826170906214228,0.023507036143289736,4,29,
0.09405156325722627,0.020828596737378333,4,30,
0.08712301973687413,0.014899517926193704,4,31,
0.07203219411243246,0.004958568433493046,4,32,
0.07157535710681746,0.004988766675723796,4,33,
0.06851024788591693,0.0012668793870789714,4,34,
0.06470026613296982,-0.0017782192957505273,4,35,
0.06190354681846539,-0.008311564790843256,4,36,
0.0560546900009512,-0.014526474951530335,4,37,
0.05106724985319849,-0.01362046305870647,4,38,
0.05120340945718166,-0.013248983722621076,4,39,
0.05752352118816299,-0.008118755064269156,4,40,
0.052219695772420534,-0.013900489894583975,4,41,
0.04710205486039115,-0.018937745289063432,4,42,
0.036622405669364394,-0.01911137561245152,4,43,
0.03501589545326283,-0.013535333029491363,4,44,
0.03189037553891321,-0.008141135302160438,4,45,
0.03038107641795968,-0.0111210830722054,4,46,
0.03877862926070207,-0.012094060439037706,4,47,
0.04118433134333963,-0.012649044401613815,4,48,
0.04055390388311465,-0.015376762710547859,4,49,
0.045755578828559455,-0.015864932624656256,4,50,
0.05150674746569506,-0.02438429330795302,4,51,
0.05087016872193908,-0.025562522281596514,4,52,
0.05082054932416629,-0.03306179932527475,4,53,
0.049031821412590444,-0.035267512734560254,4,54,
0.043742265257677215,-0.044139352820777696,4,55,
0.04123993508417429,-0.052367488358415384,4,56,
0.03366878398163244,-0.059698942305718386,4,57,
0.030289272927017368,-0.06366725541550125,4,58,
0.033924284580614195,-0.06333645174559012,4,59,
0.037292018514597715,-0.06822345685271856,4,60,
0.04520245468259905,-0.07914343793254029,4,61,
0.04951034386925039,-0.08314731036270245,4,62,
0.049977978185879825,-0.08095896673894554,4,63,
0.051781311587750914,-0.07367448817408012,4,64,
0.044992043383598246,-0.07953019362764151,4,65,
0.04162999011698203,-0.07827356956115107,4,66,
0.04008421266519546,-0.06920536746830137,4,67,
0.038080742977386346,-0.07609294725558827,4,68,
0.0374263700959928,-0.07759386308171488,4,69,
0.03724025198574177,-0.07530125894452681,4,70,
0.03254188212240925,-0.07327198719574303,4,71,
0.032917180038184876,-0.07397511489367735,4,72,
0.026265332658265927,-0.0626854746203807,4,73,
0.02058312022490863,-0.05972517094074925,4,74,
0.01411352286895419,-0.0574936796137528,4,75,
0.01485880229060765,-0.05563244421469409,4,76,
-0.0011714419319987144,-0.049255803551019946,4,77,
-0.01877103113608937,-0.03136253423226511,4,78,
-0.004353576637604934,-0.019480556340984577,4,79,
-0.0013125242913180394,-0.012624068861307625,4,80,
-0.01587442285049234,-0.014962024603900505,4,81,
-0.022272460996160384,-0.02110602886453239,4,82,
-0.02398647843371568,-0.025010532927766498,4,83,
-0.02715450006382253,-0.028789389098973217,4,84,
-0.015935550884458038,-0.028241197852687437,4,85,
-0.01817281024804552,-0.020888623593484763,4,86,
-0.01840140434243489,-0.016291295310969563,4,87,
-0.023706124421057198,-0.015735508896329173,4,88,
-0.02714077199937145,-0.0202430255434165,4,89,
-0.03086488573643834,-0.019234072050724093,4,90,
-0.03216762439208123,-0.019750112768649398,4,91,
-0.035341550877119744,-0.019708307864329998,4,92,
-0.036984799941333676,-0.02689595596363578,4,93,
-0.04331485309649222,-0.03253280537071875,4,94,
-0.046104425642941926,-0.03378816854906641,4,95,
-0.04754019908876306,-0.03368425609204354,4,96,
-0.04470275694506292,-0.030193274628881116,4,97,
-0.040474554608692224,-0.03150615385780345,4,98,
-0.04317921609779387,-0.030708340953557168,4,99,
-0.04295091916508912,-0.028359712034387106,4,100,
-0.039466739867969086,-0.02278843074291144,4,101,
-0.0422142583375641,-0.020817366880978905,4,102,
-0.03613888913863112,-0.021664710791255818,4,103,
-0.0255873032402764,-0.014179779359005431,4,104,
-0.038476610230521235,-0.010289777326820829,4,105,
-0.04458189407420841,-0.007644442053363531,4,106,
-0.0365259257785012,-0.006373298394256778,4,107,
-0.0331091753731903,0.0009465374703274974,4,108,
-0.03883113590749777,0.007367202791681757,4,109,
-0.029417707957289853,0.009197339256974324,4,110,
-0.02047023615067003,0.0073357988636664675,4,111,
-0.029250346129829345,0.007854079047218328,4,112,
-0.034176718245668175,0.012525012573630433,4,113,
-0.055922922826196125,0.014105380911508637,4,114,
-0.05385339263503155,0.010149457736768232,4,115,
-0.0520284259111089,0.0048727976530046,4,116,
-0.06199163172862835,0.01018761923871473,4,117,
-0.06781244260359769,0.01798550130127383,4,118,
-0.06804342358818392,0.03062717083094838,4,119,
-0.05795739996536852,0.033670367001669935,4,120,
-0.0533273832057505,0.0397499657623386,4,121,
-0.04913146937622903,0.03756354632520968,4,122,
-0.04311538368143765,0.03766520308374031,4,123,
-0.03364115533655543,0.04112748378895406,4,124,
-0.030443210726453958,0.04057597621906394,4,125,
-0.04552495839525349,0.04146777768416317,4,126,
-0.05835817545948108,0.04378758084911154,4,127,
-0.07019861477121092,0.04532192790000289,4,128,
-0.08414272988633245,0.045642857142130705,4,129,
-0.08740404867138066,0.03832467713912398,4,130,
-0.09119363538272181,0.04055392860959654,4,131,
-0.09296638833520966,0.042278354696496594,4,132,
-0.0907733253024424,0.040956922145491806,4,133,
-0.09135110736909013,0.04385763762858028,4,134,
-0.0907959934811034,0.043435633276049504,4,135,
-0.08212843729411234,0.03696023138237241,4,136,
-0.07808755035929461,0.02298802045292372,4,137,
-0.08060935739372521,0.020046143846114486,4,138,
-0.08483523253301298,0.022550188138310594,4,139,
-0.0840544327419396,0.021516579544809126,4,140,
-0.08029989798023157,0.02055689929592707,4,141,
-0.06796993323940684,0.016793038182212686,4,142,
-0.07864845248422173,0.01853044771050997,4,143,
-0.09059258574787281,0.019626374053304526,4,144,
-0.09477255452162878,0.014753378747819209,4,145,
-0.10203112737503642,0.010624547574333105,4,146,
-0.10248628869924008,0.007522853535467628,4,147,
-0.10549922782304842,0.004223998247205102,4,148,
-0.10161001271806619,0.0030582176340522987,4,149,
-0.09730014260454842,0.0012456515707851966,4,150,
-0.0932689724788136,-0.00284097137186474,4,151,
-0.10193169262084781,0.002741718822106024,4,152,
-0.09954666933921552,0.007749583241152836,4,153,
-0.0975021730622268,0.00917404373821154,4,154,
-0.08311061454125121,0.010298865002439633,4,155,
-0.08354844002569267,0.007747905299202776,4,156,
-0.07543819138298109,0.007492722663577331,4,157,
-0.07193168676461716,0.0067184211156564,4,158,
-0.07214365794171468,0.006441166068064644,4,159,
-0.0632452613972414,0.0039042687786678366,4,160,
0.16742302256958666,0.05001622233020285,5,0,
0.1763559172416798,0.05807382414517713,5,1,
0.173115487551571,0.05526001309859214,5,2,
0.17464074729402124,0.05658220750972332,5,3,
0.17268986963691896,0.054831813853987416,5,4,
0.16321584095968475,0.04592985205124286,5,5,
0.14850035698825761,0.03206916895591768,5,6,
0.14281293663483413,0.02570810592412765,5,7,
0.13757677797418433,0.020699305453433427,5,8,
0.13383496563560737,0.016378853139430945,5,9,
0.12913553574405348,0.012115823733475507,5,10,
0.12551747459510815,0.009414208205678681,5,11,
0.12245529147763287,0.007285972291051085,5,12,
0.11976373649499843,0.005440675072527338,5,13,
0.11328657832535967,-0.0014477755525391664,5,14,
0.1061932394121633,-0.006563647549077277,5,15,
0.10955833405827502,-0.004490293933814641,5,16,
0.11013343682326246,-0.003437055136460403,5,17,
0.10979210985555715,-0.0036237294792130863,5,18,
0.10517809228450326,-0.006381792093120546,5,19,
0.10537946025285402,-0.006231253859129486,5,20,
0.10393948775658926,-0.00703322683186891,5,21,
0.10922899663619938,-0.002810661793744351,5,22,
0.10952412028863613,-0.0017274091369358859,5,23,
0.11207941639607909,-0.0002716248913613847,5,24,
0.11372596084436043,0.0016178513750667646,5,25,
0.11401094410846375,0.0016768231772063182,5,26,
0.11279210482985778,0.0015968440141840667,5,27,
0.10571005338104777,-0.0033060944173334047,5,28,
0.10832216088515804,-0.00166902414445119,5,29,
0.10470316990399435,-0.004013294188630088,5,30,
0.10056897302710681,-0.008360566609222683,5,31,
0.08544036990264017,-0.01800991089018014,5,32,
0.07346369742901131,-0.02566951735725355,5,33,
0.08287715755043569,-0.020105002083031592,5,34,
0.08245743859149435,-0.02002327112307923,5,35,
0.0767083086575752,-0.023740062000488116,5,36,
0.08181487148865843,-0.02062389950683826,5,37,
0.08497607645922486,-0.018447091901432577,5,38,
0.08517594320974843,-0.018376014769485638,5,39,
0.0832122640289094,-0.020130784472946896,5,40,
0.07282669750666992,-0.02690834522112836,5,41,
0.060448210356889485,-0.03411312782929464,5,42,
0.04739486585460197,-0.04077722419469856,5,43,
0.013524882066657223,-0.04461402252900905,5,44,
0.007376148561715977,-0.041192968356149336,5,45,
0.00288959974813137,-0.03787155261615258,5,46,
-8.244839775740016e-05,-0.03510692230816973,5,47,
-0.0027564720419277424,-0.033507099124423394,5,48,
-0.0046552708237197725,-0.032561652920261086,5,49,
-0.009666307126535456,-0.030364301457353686,5,50,
-0.008239139938912309,-0.030993185049033176,5,51,
-0.008852954603988265,-0.030383908543740026,5,52,
-0.005269039920668502,-0.034625772804651414,5,53,
-0.006933197999498571,-0.03536229671860089,5,54,
-0.006024864965851513,-0.034759892646668254,5,55,
-0.01107991572074896,-0.030529973586135285,5,56,
-0.014990976142277375,-0.024862296820302044,5,57,
-0.017904322670939974,-0.02199286180596628,5,58,
-0.02041224898198266,-0.023053466526901132,5,59,
-0.020684200974117408,-0.022820480484579804,5,60,
-0.020316712019704804,-0.021144027866047355,5,61,
-0.018422945775755026,-0.0195131058473327,5,62,
-0.01786844357246762,-0.020279088984029116,5,63,
-0.01722396383069383,-0.02047844162280535,5,64,
-0.017267075838086374,-0.021050130422706398,5,65,
-0.01835299735434165,-0.020269657880519466,5,66,
-0.019303869271838758,-0.019974349965114446,5,67,
-0.019514006549284955,-0.02331021562142733,5,68,
-0.020435168251718497,-0.02174445953551076,5,69,
-0.021489248485419395,-0.022775016825545096,5,70,
-0.020397226290390588,-0.027184915765923554,5,71,
-0.016503060961903213,-0.029000950452894702,5,72,
-0.015713399968662403,-0.027615847095531443,5,73,
-0.01687744777118653,-0.02638908137019387,5,74,
-0.01647036053202601,-0.027250402260150585,5,75,
-0.017022334347142624,-0.028234919276856365,5,76,
-0.02586515107239923,-0.022999683004354995,5,77,
-0.026599403199982753,-0.021334032446431395,5,78,
-0.02690698068434345,-0.02189337232179378,5,79,
-0.030851824520007735,-0.01687372299246817,5,80,
-0.034706108328481464,-0.01170082896626007,5,81,
-0.03322286150913841,-0.013866640989326221,5,82,
-0.033110488116902766,-0.01413072102690687,5,83,
-0.03963775356357055,-0.002273503436502421,5,84,
-0.03972400558921353,-0.004588799684151712,5,85,
-0.040747418467321425,-0.0034202629014660263,5,86,
-0.04222843780624094,-0.0006911321332077286,5,87,
-0.04519516265708782,0.001010844377621354,5,88,
-0.05059367037215187,0.0025660144611974025,5,89,
-0.05831730590839803,0.006059422884887014,5,90,
-0.06535871874186576,0.00830582285475727,5,91,
-0.07023302918106733,0.009737099424155031,5,92,
-0.07018258419194276,0.009800846323973142,5,93,
-0.06979413468343,0.009505858302800166,5,94,
-0.06648413691794179,0.008655655679506562,5,95,
-0.06661620351532282,0.008078102235066609,5,96,
-0.06817786656468029,0.006760547230218074,5,97,
-0.06964993691633306,0.0068675272650180015,5,98,
-0.06881936811794291,0.005774879153584409,5,99,
-0.06811830606630824,0.005499296871738153,5,100,
-0.06241408845595442,0.003205528148627023,5,101,
-0.05906538606455776,-0.0014231841336696345,5,102,
-0.06344002849805129,0.0011580394932964974,5,103,
-0.057033690482809714,-0.002848740433169431,5,104,
-0.06419245930094655,0.0025800618618910883,5,105,
-0.06361610067417302,0.0023646630305647533,5,106,
-0.060063605052052146,0.0015546840381260234,5,107,
-0.058423868194952926,0.0007683691278362211,5,108,
-0.05416652271357033,-0.0012899101380798967,5,109,
-0.04518883500824355,-0.006830340150511245,5,110,
-0.04781276233330485,-0.006596354827517168,5,111,
-0.04852362074142355,-0.006323555861374472,5,112,
-0.049125387962924795,-0.005955995727363735,5,113,
-0.0434507235791666,-0.008616587706308944,5,114,
-0.0493563292449197,-0.004706137565801807,5,115,
-0.04967045168434783,-0.003859060212802358,5,116,
-0.049175132851620805,-0.0030871959342296594,5,117,
-0.04885266287686872,-0.003126729968923347,5,118,
-0.04764262931059722,-0.002854194446058826,5,119,
-0.04761771998457281,-0.0007878317345794754,5,120,
-0.051042937725533755,0.0017181962962848083,5,121,
-0.04674811534859866,-0.0008106389528410594,5,122,
-0.05221837139960281,0.0040526349519264485,5,123,
-0.05644443671233955,0.006513634031093582,5,124,
-0.06114809824279325,0.008277854383497228,5,125,
-0.059205488742137845,0.008191342854358713,5,126,
-0.05434173983116698,0.009701226020610998,5,127,
-0.05266570152331288,0.01015162646216238,5,128,
-0.04273797110829641,0.004572327992380692,5,129,
-0.048921045518900697,0.01075046674685584,5,130,
-0.052418379102879865,0.015967570969567232,5,131,
-0.0509789711842778,0.01716443910073528,5,132,
-0.048497116741435704,0.016022049614331086,5,133,
-0.04462703670918731,0.01298701643927963,5,134,
-0.042556857153955525,0.011417277234263008,5,135,
-0.049537647536635525,0.01882055279911449,5,136,
-0.05040573929931712,0.019537320978570766,5,137,
-0.0518048210421522,0.02122673540027511,5,138,
-0.054234831725774806,0.023579472793268462,5,139,
-0.05498424741608661,0.0249142071441996,5,140,
-0.05498447807763295,0.025591541649026137,5,141,
-0.05724182259555096,0.02914434259567548,5,142,
-0.0634367825031826,0.03787672716290915,5,143,
-0.06057093379484142,0.03472928079531184,5,144,
-0.06598507318330221,0.04103969117299255,5,145,
-0.0668701151980123,0.04131280055552504,5,146,
-0.06813330061766852,0.04307669787758993,5,147,
-0.068113676054777,0.04304314229103439,5,148,
-0.06993239647662461,0.04505639310851869,5,149,
-0.07182165231666315,0.047446803646853705,5,150,
-0.0711459472621333,0.04406427541512912,5,151,
-0.06915762880595887,0.04161084657514448,5,152,
-0.06534900884791348,0.036287691545567,5,153,
-0.06522884751487906,0.036019806044114304,5,154,
-0.062139862724299035,0.031196425479188848,5,155,
-0.056071254865543416,0.021138029127151122,5,156,
-0.05218116111525674,0.016855143041333624,5,157,
-0.05466848868621812,0.01874702224787686,5,158,
-0.05296022066858448,0.015716560909904236,5,159,
-0.049536443069858514,0.01152812320403425,5,160,
